ID,premise_english,hypothesis_english,original_label,assigned_phenomenon
ANLI1886,"Those accused of the assassination of six Jesuits, if found guilty, will be punished whether they are civilians, military, or influential people.",The accused will be released if they innocent,Neutral,conditionality
ANLI2372,"FermiLab's goal is to ensure that if a program runs and is certified on RedHat Enterprise, then it will run on the corresponding Fermi Linux LTS release. They have built Fermi Linux LTS for Fermilab's use, and that is their ultimate goal.",They will only build for Fermilab.,Neutral,conditionality
ANLI2455,Robin Rimbaud (born 1964) is an electronic musician who works under the name Scanner due to his use of cell phone and police scanners in live performance. He is also a member of the band Githead with Wire's Colin Newman and Malka Spigel and Max Franken from Minimal Compact.,"If you take the year Robin Rimbaud was born in and reverse the digits, you would get 4691.",Entailment,conditionality
ANLI2646,"How to avoid insect bites while sleeping<br>Determine what's biting you. You will be able to prevent future bites if you know what sort of bugs you're dealing with. Bed bug bites, most common around the home, are large, splotchy, red bites.",The most common home bug bite is a red bug bite.,Contradiction,conditionality
ANLI3353,"Yes, it does. Take, for example, Third World debt. I think we ought to be forgiving Third World debt under certain conditions. I think, for example, if we're convinced that a Third World country that's got a lot of debt would reform itself, that the money wouldn't go into the hands of a few but would go to help people, I think it makes sense for us to use our wealth in that way, or to trade debt for valuable rain forest lands, makes that much sense, yes.",Third World debt has a xx,Contradiction,conditionality
ANLI3736,"Why wouldn't it? If the equity argument under the Necessary and Proper Clause justifies extension of the copyright for those whose copyright will expire tomorrow if it's not extended, in order to put them on parity with those getting copyrights for new works, why doesn't it apply to the copyright, the holder of the copyright that expired yesterday?",The Necessary and Proper Clause applies particularly to expired copyrights.,Neutral,conditionality
ANLI3838,"""This letter is in regard to the comments made by Beth Eveland from York Township in the June York Sunday News. I assure you that the Dover Area School Board is not going against its mission statement. In fact, if you read the statement, it says to educate our students so that they can be contributing members of society.",Eveland is from the township of Orange County.,Contradiction,conditionality
ANLI3963,"If Senator Ghitter is correct about his interpretation of the motion, that would mean that the committee adopted a proposition that was contrary to the Rules of the Senate while he was in the chair; that he and the other committee members and the clerk of the committee understood this motion to mean that he had to report by twelve noon today, even though the Senate would not be sitting until 4 p.m. today; and that no one, including himself, knew that this would be contrary to the rules.",Senator Ghitter is going to run for president.,Neutral,conditionality
ANLI3984,"MALAKOFF, TEXAS—An East Texas man and woman have been arrested after a 70-year-old woman said they kept her in a dog kennel, beat and kicked her, withheld food and water, and forced her to walk on broken glass. Tyler television station KLTV reports 47-year-old Leonnia Darlene Anderson Castillo of Log Cabin is charged with first-degree felony injury to the elderly and being held at the Henderson County Jail in Athens on a $50,000 bond. A jail booking officer declined to say if she had an attorney.",the east texas man and woman are of sound mind,Neutral,conditionality
ANLI4881,"In September, 1998, an invitation was sent by that committee to Dr. Chopra and others to appear before the committee, and a notice of meeting was issued for October 1, 1998. That meeting, however, was cancelled as the scientists stated that they were concerned about the repercussions on their careers if they appeared before our committee.",The meeting was held October 1 1998.,Contradiction,conditionality
ANLI4982,"North Korea states intention to restart reactors, throws out IAEA inspectors and takes down inspection cameras, announces immediate withdrawal from the Nuclear Non-Proliferation Treaty and makes threats of war if the UN or the United States imposes sanctions.",Threats were made at a certain time in history regarding the uncertainty of particular sanctions being implemented. These sanctions would make an entity extremely upset.,Entailment,conditionality
ANLI5573,"FermiLab's goal is to ensure that if a program runs and is certified on RedHat Enterprise, then it will run on the corresponding Fermi Linux LTS release. They have built Fermi Linux LTS for Fermilab's use, and that is their ultimate goal.",A program can run on the corresponding Fermi Linux LTS release if it is not RedHat Enterprise certified.,Contradiction,conditionality
ANLI5614,"How to clean cork floors<br>Sweep regularly. Use a soft-bristled broom, a dust mop, or a vacuum cleaner with a soft brush attachment. Depending on how heavily you use the area, repeat 2-7 times a week, or whenever you notice it getting dusty.","If you never use the area, it will be enough with a couple of times a week",Entailment,conditionality
ANLI6507,"Tue 10/10 @ 2:30PM Oberlin is the proud location of an iconic home by the legendary architect Frank Lloyd Wright, the Weltzheimer/Johnson House, completed in 1949. If you'd like to learn more about its design and how it came to be, come to the Tuesday Tea at Oberlin's Allen Memorial Art Museum. There Jill Greenwood, the museum's Nord Family Curator of Education, will share stories about the Weltzheimer family who commissioned the house. And yes, there will be tea and cookies after the presentation. It's free. oberlin.edu/amam/ Post categories:",The home was completed in the 1940s.,Entailment,conditionality
ANLI7123,"They refuse to testify at a deposition, and my suggestion to them was that if we were capable of resolving something as a result of this conference, that they would then attend a deposition, because I believe the defendants would have a right to cross-examine them or otherwise examine them prior to them taking the stand. And based upon that, they would then testify in court.","The ""they"" referenced in this context have sided completely with the prosecution.",Neutral,conditionality
ANLI7231,"How to drain the gas tank of your car<br>Run the car close to empty, if possible. Unless you have the wrong fuel in the tank, turn the car on and run the gas down towards empty by driving around. Park the car and let it cool before beginning to drain it.",The article says to use up the majority of the gas in the car.,Entailment,conditionality
ANLI7349,"The charges came after the auditor-general revealed last month that some details had been removed from the 1MDB report. Kandasamy led 1MDB from 2015 until he was terminated in June. The two men were released on bail, and face up to 20 years in prison if found guilty.",The two men are in prison for 20 years.,Contradiction,conditionality
ANLI7550,"How to win in an unarmed combat situation<br>First of all, it is imperative that you assess your situation. Going into a fight blind will never end well. Assess why your adversary is picking a fight and if he is alone, intoxicated, or armed.",Its helpful to know if your opponent has had too much to drink,Entailment,conditionality
ANLI7652,"Neverland Valley Ranch, owned by Michael Jackson, is to be sold at auction on March 19, 2008, unless Jackson pays over US$24 million. Financial Title Company, the trustee of his Santa Barbara County, California, home and amusement park, has foreclosed on the property. They notified Jackson of the foreclosure and sale on Monday. Jackson had only just recently paid an overdue property tax bill of $600,000.",Michael Jackson is dead,Entailment,conditionality
ANLI7728,"I think that we have to put more emphasis on early learning and pre-school. Now, here is how that connects with all the rest of what we've been talking about. If you have -- if you squander the surplus on a huge tax cut that goes mostly to those at the top, then you can't make education the top priority.",No emphasis has been put on early learning,Neutral,conditionality
ANLI8029,How to go to the gyeongbokgung palace<br>Take the jogno bus 11 if you're spending the day in jogno. The jongno bus 11 makes a perfect sightseeing loop through the historical district with stops along the east side of the palace grounds. Get off at the national folk museum stop and walk from there to the main entrance.,Get off at the national folk park stop and walk from there to the main entrance.,Contradiction,conditionality
ANLI8421,"DETROIT (WXYZ) - Police are investigating after one man was killed and another was injured at a bus stop shooting Sunday night, police said. It happened at about 7:30 p.m. near Livernois and Warren on Detroit's west side. Police said the two men are in their 20's. The surviving victim took a bus to the hospital, where he is listed in stable condition, police added. Police have no information about a suspect at this time. If you have any information about this shooting, call Detroit police. STAY WITH WXYZ.COM FOR UPDATES ON THIS DEVELOPING STORY.",The shooting lasted until Tuesday morning,Contradiction,conditionality
ANLI8762,"The original spelling reform of 1996, which was meant to harmonize the spelling rules across the German-speaking countries, turned out to be a major embarrassment if not outright failure.",The reform was meant to harmonize spelling rules. ,Entailment,conditionality
ANLI8928,"How to check engine vacuum hoses<br>Check each hose for bulges and swelling. If a hose feels soft or spongy when you touch it, this can indicate damage caused by your car's oil. [substeps] A swollen hose that is cracked and hard is often caused by heat damage.",How your hose looks will tell you how it was damaged.,Entailment,conditionality
ANLI8969,How to stop getting so hot while sleeping<br>Use air conditioning. The simplest way to keep your room cool while you sleep is to use your air conditioner if you have one. Central air or a portable window unit will both do the trick.,People like sleeping in a cold room,Neutral,conditionality
ANLI9246,"Chris McKendry (born Christine McKendry February 18, 1968) is a journalist for ESPN, a role she has served since 1996. She was co-anchor of the 11-1pm ET weekday block of live ESPN ""SportsCenter"" shows, alongside Jay Crawford. As of April 1, 2016, she serves as full-time on-site host for ESPN tennis coverage of the Australian Open, French Open, Wimbledon and US Open.","If you used to watch SportsCenter at 12pm on Wednesdays, there is a chance you know who Chris McKendry is.",Entailment,conditionality
ANLI9553,"And I was surprised at the extent of it. And I think we've now got so many examples around the country that we really have to find ways to end this. Imagine what it -- what it is like for someone to be singled out unfairly, unjustly, and feel the unfair force of law simply because of race or ethnicity.",Being singled out if fair,Contradiction,conditionality
ANLI9979,"So we've got to enforce our civil rights laws. We've got to deal with things like racial profiling. And we have to keep our military strong. We have the strongest military, and I'll do whatever is necessary, if I'm president, to make sure that it stays that way.",The agent was part of the military,Neutral,conditionality
ANLI10192,"How to grow african violets indoors<br>Buy pre-rooted african violets at a nursery, greenhouse or retail store. Because many houseplant enthusiasts grow african violets as part of their collection, they are usually easy to find. It's best to grow the violets from a pre-rooted plant, as growing african violets from seeds can be extremely difficult.",Anyone can grow african violets if they just have the willpower.,Neutral,conditionality
ANLI10204,How to stop getting so hot while sleeping<br>Use air conditioning. The simplest way to keep your room cool while you sleep is to use your air conditioner if you have one. Central air or a portable window unit will both do the trick.,Only go to sleep when its cool,Neutral,conditionality
ANLI10304,"The Nobel committee said in a statement that ""lasting peace cannot be achieved unless large population groups find ways in which to break out of poverty.""",Lasting peace will be achieved,Neutral,conditionality
ANLI10925,"How to wake up in the middle of the night<br>Practice by waking up at the same time for a month. Nerves in your brain control your body's clock, known as your circadian rhythm. This rhythm is established by following a predictable routine, which is why you are able to wake up at the same time on the weekend as you are during the week if all factors are equal.","Daylights savings time will affect your practice, take it into account.",Neutral,conditionality
ANLI11446,"How to determine if you have adult adhd<br>Be aware of being easily distracted. Difficulty concentrating, getting bored very quickly, and a short attention span are where the' attention deficit' part of the name adhd come from. You can determine if you have adult adhd if you notice how often you are distracted.",Adults can have adhd.,Entailment,conditionality
ANLI13644,Bill C-3 provides a dangerous and unnecessary exemption authorizing judges not to issue warrants for the taking of a sample if they believe that in doing so the impact on the individual's privacy and security would be grossly disproportionate to the public interest in the protection of society.,Bill C-3 provides an exemption that authorizes judges to take samples.,Contradiction,conditionality
ANLI13860,"How to prevent lung cancer<br>Stop smoking tobacco products. Cigarette and tobacco smoke contains harmful substances known as carcinogens that can damage the cells lining your lungs. Over time, smoking can lead to the development and multiplication of abnormal cells and increase your risk for lung cancer.","If you stop smoking tobacco products, you will not get lung cancer.",Neutral,conditionality
ANLI14011,GM established grounds for suspicion of industrial spying by presenting affidavits from its employees. The aim will be to determine if VW's project was copied from GM data - essential if industrial espionage is to be proved.,Employees were reluctant to give affidavigts.,Neutral,conditionality
ANLI14103,"Tenzin Gyatso, the 14th Dalai Lama, has vowed to step down from his position if things ""get out of control"" in Tibet, where violent demonstrations against China have killed anywhere from 13 to 100 people. At a news conference in Dharamsala, India, the Dalai Lama said he was opposed to the use of violence against China's rule. ""Violence is almost suicide,"" he said. ""Even if 1,000 Tibetans sacrifice their lives, it will not help."" However, he acknowledges that many radical Tibetans have criticized his policy of non-violence, and says that his only option is to ""completely resign"" if the bloodshed continues.",Dalai Lama is a peace loving leader,Entailment,conditionality
ANLI14744,How to go to the gyeongbokgung palace<br>Take the jogno bus 11 if you're spending the day in jogno. The jongno bus 11 makes a perfect sightseeing loop through the historical district with stops along the east side of the palace grounds. Get off at the national folk museum stop and walk from there to the main entrance.,Jongno has a fleet of buses ,Neutral,conditionality
ANLI15070,"Why wouldn't it? If the equity argument under the Necessary and Proper Clause justifies extension of the copyright for those whose copyright will expire tomorrow if it's not extended, in order to put them on parity with those getting copyrights for new works, why doesn't it apply to the copyright, the holder of the copyright that expired yesterday?",This person studies copyright law,Neutral,conditionality
ANLI15489,"If you have rheumatic heart disease, high blood pressure, or diabetes, or take digitalis drugs, vitamin E can be harmful.",Don't take vitamin E.,Neutral,conditionality
ANLI15683,"That's got to mean something, and if it means that we are limited in our ability to agree with the Europeans as they continually expand the term in light of their own vision of what copyright is about, then that's the meaning of a constitutional restriction.",Europeans change copyright details,Entailment,conditionality
ANLI16734,"(CNN) — A popular type of phone case is being recalled because of a risk of chemical burns. Chinese-based compant Mixbin Electronics sells iPhone cases globally, both online and in stores. Nearly 275,000 of the brand’s glittery cases are being recalled. The cases contain an unidentified liquid. The manufacturer said the liquid can spill if the cases crack or break. So far, there are 24 reports of chemical burns or skin irritation from the liquid inside of the case. Customers are urged to stop using the cases immediately and request a refund from the company.",Mixbin Electronics makes electronics,Entailment,conditionality
ANLI17724,"Thirdly, one of the reasons why there's still high cost in medicine is because this is -- they don't use any information technology. It's like if you looked at the -- it's the equivalent of the buggy and horse days, compared to other industries here in America.",Medicine has came along way since it first started in the America's.,Contradiction,conditionality
ANLI18530,"Also , his evenings were so full of work that he seldom joined the others in Rainbow Valley now .<br>He seemed to be drifting away into grown-up land .<br>`` What is the matter with you all to-night ? ''<br>he asked .<br>`` There 's no fun in you . ''<br>`` Not much , '' agreed Faith dolefully .<br>`` There would n't be much fun in you either if YOU knew you were disgracing your father and making people talk about you . ''<br>`` Who 's been talking about you now ? ''<br>`` Everybody -- so Mary Vance says . ''<br>And Faith poured out her troubles to sympathetic Jem .",The statement names people whos names start with an M and a F,Entailment,conditionality
ANLI19007,"But I thought you were saying that if you accept the Copyright Clause argument, then you have a way, in effect, of devaluing the Government's claim of its important interest and important objective when you get to the First Amendment intermediate scrutiny analysis.",Copyright Clause has a zz,Contradiction,conditionality
ANLI19092,"How to wake up in the middle of the night<br>Practice by waking up at the same time for a month. Nerves in your brain control your body's clock, known as your circadian rhythm. This rhythm is established by following a predictable routine, which is why you are able to wake up at the same time on the weekend as you are during the week if all factors are equal.",Your heart control's your body's clock.,Contradiction,conditionality
ANLI19250,"``this section, the Ministers and the minister responsible for the other Act referred to in paragraph (6)( a ) are responsible for determining whether or not the requirements referred to in that paragraph are met by that other Act or regulations made under that Act, and ( a ) if the Ministers and that other minister determine that the''",there is another paragraph,Neutral,conditionality
ANLI19859,"How to prevent lung cancer<br>Stop smoking tobacco products. Cigarette and tobacco smoke contains harmful substances known as carcinogens that can damage the cells lining your lungs. Over time, smoking can lead to the development and multiplication of abnormal cells and increase your risk for lung cancer.","If smoking causes abnormal cells, then abnormal cells are the sole cause of cancer.",Neutral,conditionality
ANLI20592,"North Korea states intention to restart reactors, throws out IAEA inspectors and takes down inspection cameras, announces immediate withdrawal from the Nuclear Non-Proliferation Treaty and makes threats of war if the UN or the United States imposes sanctions.",North Korea has installed new inspection cameras. ,Contradiction,conditionality
ANLI21078,"How to win in an unarmed combat situation<br>First of all, it is imperative that you assess your situation. Going into a fight blind will never end well. Assess why your adversary is picking a fight and if he is alone, intoxicated, or armed.",you can win if the opponent is alone.,Neutral,conditionality
ANLI22549,How to price used cars<br>Know the market. Can your car sell-off easily? Is it in demand? Will you have to drop your price in case there isn't much demand? Is it the right time to sell your car? Gather information about your car. The next step is to know your car well.,Selling a car is like selling water in a desert,Contradiction,conditionality
ANLI23159,"Oh, yes. There were not many meetings where Bill Buckingham did not speak. And, actually, at that meeting -- I believe the beginning of the meeting was an apology, actually, which he had prepared in advance apologizing to the members of the community if he had said anything that offended them.",Buckingham usually spoke at meetings.,Entailment,conditionality
ANLI23892,"How to clean ceramic floor tile<br>Sweep or vacuum twice a week. Using a dry mop or vacuum is ideal, although you can sweep with a broom if you're in a hurry. Opt for a soft and fluffy dust mop, preferably with a removable end that's machine washable.",Mopping is necessary for this type of tile,Contradiction,conditionality
ANLI23917,"How to find immunization records<br>Call your healthcare provider. If you still have the name and contact information for the doctor or clinic that gave you immunizations, they typically have those records on file. In most cases, this is the fastest way to get your immunization record.",Doctors will keep track of a patient's vaccination history,Entailment,conditionality
ANLI24337,"No. That's too amorphous a question. The issue here, I'll restate, is the veracity of the articles themselves, did the reporter hear the statement as reported. If it was taken out of context, we're not going to delve into that in this examination. The individual who believes -- who was quoted and believes the statement was taken out of context or flatly that he didn't or she didn't say it and it's inaccurate will have the opportunity to say that during the defendants case-in-chief or at any other time during the trial.",The question is hard to answer,Entailment,conditionality
ANLI24459,"I agree, and this Court has -- just talking about the judgment of the Congress the 105th Congress in 1998. This is the way the argument that somehow implicitly the initial 1790 copyright statute was saying to people, you get a copyright if you exchange whatever existing rights you have. That simply does not make any sense. There is no language, and it's a relatively late-discovered argument, because it sees its full --",copyright laws have been around over 200 years,Entailment,conditionality
ANLI24763,"""This letter is in regard to the comments made by Beth Eveland from York Township in the June York Sunday News. I assure you that the Dover Area School Board is not going against its mission statement. In fact, if you read the statement, it says to educate our students so that they can be contributing members of society.",This important letter is in regard to the comments made by Beth Eveland,Neutral,conditionality
ANLI24839,"How to make haloumi cheese<br>Heat the milk to 34ºc/93.2ºf. Add the rennet, stirring well. Cover the milk with cling film, or the pot lid, if available. Set in a warm place, wrapped in towels to keep it warm.",Haloumi cheese is best to eat outside,Neutral,conditionality
Fever10765,"Belgium . Despite the reforms , tensions between the groups have remained , if not increased ; there is significant separatism particularly among the Flemish ; controversial language laws exist such as the municipalities with language facilities ; and the formation of a coalition government took 18 months following the June 2010 federal election , a world record . The Flemish or Flemings ( Vlamingen ) are a Germanic ethnic group native to Flanders , in modern Belgium , who speak Dutch , especially any of its dialects spoken in historical Flanders , known collectively as Flemish Dutch . Flemish people make up the majority of the Belgian population ( about 60 % ) .",Belgium is mostly Flemish.,Entailment,conditionality
Fever13815,"Lyme disease , also known as Lyme borreliosis , is an infectious disease caused by bacteria of the Borrelia type . The most common sign of infection is an expanding area of redness on the skin , known as erythema migrans , that begins at the site of a tick bite about a week after it has occurred . If an infection develops , a number of antibiotics are effective , including doxycycline , amoxicillin , and cefuroxime . Some healthcare providers claim that it is due to ongoing infection ; however , this is not believed to be true .",Lyme disease is genetic.,Contradiction,conditionality
Fever14447,"Austria . In 1938 Nazi Germany annexed Austria in the Anschluss . The European Union ( EU ) is a political and economic union of member states that are located primarily in Europe . Nazi Germany . Beginning in the late 1930s , Nazi Germany made increasingly aggressive territorial demands , threatening war if they were not met . It seized Austria and Czechoslovakia in 1938 and 1939 .",Austria is a film.,Contradiction,conditionality
Fever19163,"`` Rich Girl '' is a song by American singer and songwriter Gwen Stefani from her debut solo studio album , Love . Produced by Dr. Dre , the track features American rapper Eve , and is a remake of Louchie Lou & Michie One 's 1993 song of the same name , which is in turn an adaptation of the Fiddler on the Roof song `` If I Were a Rich Man '' .",Rich Girl features a German rapper.,Neutral,conditionality
Fever19260,"Louis Tomlinson . Tomlinson began his career as an actor , initially appearing in ITV drama Fat Friends as an extra . He also went on to appear in another ITV drama film If I Had You and the BBC drama Waterloo Road .",Louis Tomlinson appeared in an ITV comedy.,Contradiction,conditionality
Fever20288,"13 Going on 30 ( released as Suddenly 30 in some countries ) is a 2004 American romantic comedy fantasy film written by Josh Goldsmith and Cathy Yuspa and directed by Gary Winick . Catch Me If You Can is a 2002 American biographical crime film based on the life of Frank Abagnale , who , before his 19th birthday , successfully performed cons worth millions of dollars by posing as a Pan American World Airways pilot , a Georgia doctor , and a Louisiana parish prosecutor . Elektra is a 2005 Canadian-American superhero film directed by Rob Bowman . Jennifer Garner . While working on Alias , Garner gained a cameo role in Catch Me if You Can ( 2002 ) , followed by a praised leading performance in the romantic comedy film 13 Going on 30 ( 2004 ) . The Invention of Lying is a 2009 American fantasy romantic comedy film written and directed by Ricky Gervais and Matthew Robinson ( in their directorial debuts ) .",Jennifer Garner was in a movie.,Entailment,conditionality
Fever23207,"Gregory House , M.D. , commonly referred to by his surname House , is the title character of the American medical drama series House . James Wilson (House) . The character first appears in the show 's pilot episode when he introduces a medical case to Dr. Gregory House . Wilson 's portrayer , Robert Sean Leonard , has stated that his character and Dr. House were originally supposed to play these roles ; but Dr. House 's diagnostic team has taken over Dr. Watson 's part .",James Wilson is a real person yet to be made into a fictional character.,Contradiction,conditionality
LING3,The Star covers George Michael's arrest for exposing himself in a men's room at Los Angeles' Will Rogers Memorial Park as if it's writing a review.,Mr. Michael will be prosecuted.,Neutral,conditionality
LING51,"Oh, to get an invitation to that bris!",One would feel slighted if they received an invitation to a bris.,Contradiction,conditionality
LING256,"If you've installed Internet Explorer 4.0, click here for more about (and a chance to download) the channel.",The channel has since been removed for download from the internet.,Neutral,conditionality
LING345,"If you've installed Internet Explorer 4.0, click here for more about (and a chance to download) the channel.",A prerequisite for downloading the channel is having Internet Explorer installed.,Entailment,conditionality
LING414,"If the number of voters is literally infinite, then the conclusion can be overturned.",There is a set number of voters.,Contradiction,conditionality
LING595,"Scholes and Merton reportedly are applauded when they appear on the floor of the options exchange, which shows that options traders are at least appreciative, if not deserving, of the rare charities that they receive.",Options traders slapped the palms of their hands together in applause for Scholes and Merton,Entailment,conditionality
LING616,The MacDonalds of the world won't go away just because you think they're not worth responding to.,"If we don't pay attention to the MacDonalds of the world, they will just go away on their own.",Contradiction,conditionality
LING740,"If 20 percent of new mutual fund money is now going into indexed funds, as opposed to 3 percent in 1994, we can have some confidence that the indexers are planting the seeds of their own destruction.",It's a very positive sign that 20% of new mutual fund money is going into indexed funds.,Contradiction,conditionality
LING1002,"Teacher of the Year Andrew Baumgartner is the kind of educator who has delighted his kindergarten students with a wedding for Sleeping Beauty, complete with limousine and cake, teaching them, I suppose, that nothing is worthwhile unless it is entertaining.",Andrew Baumgartner is a boring teacher,Contradiction,conditionality
LING1028,They think the big boys knew the risks but believed that if LTCM came to grief its creditors would be protected from loss by the government.,The big boys thought it was risk free.,Contradiction,conditionality
LING1111,"If you haven't filled it out yet, click here for the survey.",The survey is available for taking online.,Entailment,conditionality
LING1248,There is little doubt about the pro-choice media's unquestioning acceptance of the faulty pro-choice statistics.,"The Pro-choice media is willing to except stats that support their claim, even if they're incorrect.",Entailment,conditionality
LING1256,"The cover profile makes Jerry Seinfeld seem quite charming, if a tad immature.",Jerry Seinfeld makes quite charming seem a tad immature.,Contradiction,conditionality
LING1288,"If such evidence is present, return Kennewick Man to his rightful tribal reservation.",Kennewick Man has a choice to make himself about his reservation if evidence is existent.,Neutral,conditionality
LING1351,"Scholes and Merton reportedly are applauded when they appear on the floor of the options exchange, which shows that options traders are at least appreciative, if not deserving, of the rare charities that they receive.",Often one hears applause on the options exchange floor.,Neutral,conditionality
LING1372,"If Clinton were going to apologize, Lewinsky's new image would be safe.","As it turns out, Lewinsky and Tripp would become good friends if Clinton expressed his sorrow and remorse.",Neutral,conditionality
LING1388,"If there is a cultural civil war going on, the Mediaphiles--led by Wall Street--have routed the 'phobes.",There is a cultural civil war going on.,Neutral,conditionality
LING1500,"If you can find a way to deal with and improve their relationship, what she calls him will become a moot point.","Thus, you shall pull asunder the bonds of them, making what she says and calls unto him verily, null.",Contradiction,conditionality
LING1524,"But if they just gave the magazine away, advertisers would lose interest.",Advertisers would abandon the periodical if it were free,Entailment,conditionality
LING1563,But he never makes clear that buying on margin means that you stand to lose a lot more when you make a mistake.,He stands to lose a lot more if he buys at a margin.,Entailment,conditionality
LING2152,"Another source predicts if Sheen doesn't shape up, it's only a matter of time before they'll be printing his obituary.",Sheen is on a path that leads to death.,Entailment,conditionality
LING2287,"Meanwhile, if you believe in the domestication of animals as pets, that's a personal choice.","After successfully domesticating animals, it's a personal choice to use them as pets",Entailment,conditionality
LING2336,"If that's censorship, so be it (Bill Reel, Newsday ). (Click here to read Jon Robin Baitz's take on the controversy in Slate 's Diary.",You can click here to read Jon Robin Baitz's take on the controversy and his opinion on censorship.,Neutral,conditionality
LING2356,"If the fast-food world had only three players, and McDonalds's proposed to buy out Burger King, how reassured would we be if they offered the palliative of selling a few franchises to Taco Bell?",What if there was another player?,Neutral,conditionality
LING2392,"Landsburg notes, What if he [the president] keeps us out of war through policies that make the world more dangerous for our children?",Landsburg is criticizing the United States of America.,Neutral,conditionality
LING2547,"Ad revenue increased but not enough to cover enormous new  Recruiting new subscribers by direct mail, printing more magazines, and mailing more magazines are tremendously expensive operations.","Few, if any physical publications are pricey - for the most part, they are very affordable.",Contradiction,conditionality
LING2560,"If a fetus is a fully human life, then all abortion is murder and the debate over any particular procedure is beside the point.",The abortion procedure matters,Contradiction,conditionality
LING2838,IRA accounts allow income-earners to duck some taxation on that income if they promise to save it until they're old.,Using the IRA account before retiring can produce tax benefits,Contradiction,conditionality
LING2909,"Unless the name of your house is Ritz-Carlton, bag the subtle approach, and give them a deadline for their departure.",A subtle approach for their exit is acceptable,Contradiction,conditionality
LING2987,"And those few who've not yet plummeted to a fiery death possess so vivid a sense of their own mortality, that they'd instantly cancel Larry King. OK, look at it this  If more congressmen and CNN executives rode the New York City subway, then trains, not planes, would suffer from unrelenting crowding, lack of privacy, infrequent communications with family and the outside world.",There are congressmen who have ridden the New York City subway.,Neutral,conditionality
LING3015,"Why, if Isikoff's so bad?",Isikoff's journalism has brought him disdain from others.,Entailment,conditionality
LING3050,"Bill Gates realized it would be more efficient if all computers, regardless of manufacturer, ran the same system (which is why he's the richest man in America today).",Bill Gates struggles to pay his bills.,Contradiction,conditionality
LING3075,"If you missed the links within this review, click for the of how critics dismissed a whole genre of social novels written by women ...",Critics are dismissive of all social novels.,Neutral,conditionality
LING3196,"If you eat a whole lot of lobster, people will call you a pig.",Dining on Crustaceans make you seem like you eat in a birdlike manner.,Contradiction,conditionality
LING3245,"If you missed the demonstration that either diGenova or Toensing was the original source for the Dallas Morning News report about a Secret Service agent who witnessed Clinton and Lewinsky in a compromising situation, click here.",The report in Dallas Morning News helped to shed more light into the event that took place between Clinton and Lewinsky.,Neutral,conditionality
LING3267,And he would certainly consent if the alternative was impeachment.,He consented because the alternative was impeachment.,Neutral,conditionality
LING3281,"However, if the second possibility were correct, then both George Bush Sr.'s and George W.' southern identities would have to be called into question.",George Bush Sr.'s and George W Bush are both from the south,Neutral,conditionality
LING3352,So what if all the negatives are lost?,Most of the negatives reappeared.,Contradiction,conditionality
LING3446,If abortion is not wrong--irrespective of the circumstances--then the issue becomes a tradeoff among unpleasant alternatives.,Abortion is unpleasant.,Neutral,conditionality
LING3544,4) Who cares whether the judges are honest?,Some people care if the judges are honest.,Neutral,conditionality
LING3625,"If partial-birth abortion is too gruesome to allow, however, it is hard to see how other late abortions, especially D and Es, are any different.","Partial-birth abortions, D and Es are all the same.",Neutral,conditionality
LING3688,No way he'd be with her if this wasn't an instructional sex video!,"The couple are making a gay video, they had never met beforehand.",Contradiction,conditionality
LING4035,"If so, it seems to have worked.",It looked like it was going to fail.,Neutral,conditionality
LING4154,"If you missed the link to the refresher on harassment law and its history, click .",The refresher course is mandatory,Neutral,conditionality
LING4212,"If there is a good reason, it has to do with our final question.",the reason is within the answer.,Neutral,conditionality
LING4429,"Bending over backward to show how sensitive they can be, they forget that violence--even if it's just emotional violence--belongs in ordinary dramas, too.",No violence in ordinary drams is wrong.,Neutral,conditionality
LING4489,"If there is a cultural civil war going on, the Mediaphiles--led by Wall Street--have routed the 'phobes.",The Mediaphiles are seen as a new era.,Neutral,conditionality
LING4498,are laughing at us saying if we make it thsese [ sic ] stupid ass Niggaz Will Buy it.,They were definitely going to buy it.,Contradiction,conditionality
LING4649,"If there is a cultural civil war going on, the Mediaphiles--led by Wall Street--have routed the 'phobes.",Wall Street and the Mediaphiles have a lot in common.,Entailment,conditionality
LING4653,"The recent clamor in the press and among some politicians to allow patients to sue insurers for medical malpractice makes it sound as if we are going in the wrong direction here, too.",The absence of patients suing insurers would be a step in the right direction.,Entailment,conditionality
LING4677,"If he becomes a serious threat, Livingston and other GOP leaders will make sure to stop him.",He intends to become a serious threat,Neutral,conditionality
LING4686,"If you are worried about that story, it means one of two things.",The story is hilarious.,Contradiction,conditionality
LING4831,"It is hard to imagine, though, why any government would embargo such a product, unless the plastic surgeons' lobby has already got to them.",The government does not control embargos,Contradiction,conditionality
MNLI34,"To hold costs down, the $24 billion program doesn't cover kids who are currently insured.",If you have a kid who is already covered by insurance then the program will not cover them. ,Entailment,conditionality
MNLI166,"If it convinces you it's a masterpiece, it does so by sheer brute force.",No one will conclude that it is a masterpiece on their own accord.,Neutral,conditionality
MNLI759,that if the the laws and and uh were were harsher and were enforced,if only there were severe consequences from the law,Entailment,conditionality
MNLI930,"If total volume, instead of pieces per capita, were displayed on the vertical axis, then the Y-intercepts would remain unchanged but the cost curves would be parallel.",The Y-intercepts would remain unchanged overall even if the vertical axis had a change in data.,Neutral,conditionality
MNLI1191,Now the conservative mantras are perjury is perjury and no man is above the law--and K finds himself tempted by the idea that it isn't the end of the world if a perjurer gets away with it.,Conservatives say perjury is perjury and no one can get away with it.,Entailment,conditionality
MNLI1243,he had a hard time finding someone that was willing to work that that that seldom and in those hours and she didn't mind keeping her hand in the business while the kids were growing up as it were and she worked that day and then occasional Saturdays and uh with with the vacation time even if i takeoff the ten or twelve times a,He found a person willing to work those hours after two months of searching.,Neutral,conditionality
MNLI1646,"The House changes tomorrow, if the sky permits, and we shall shield you until then.",The change will offer it's own protection.,Neutral,conditionality
MNLI1755,"Unless you feel really safe in French metropolitan traffic, keep your cycling ' you can rent a bike at many railway stations ' for the villages and country roads.",Cycling in the French metropolitan area is safe and relaxing. ,Contradiction,conditionality
MNLI1949,"Professionals who become more sensitive to possible abuse, or more adept at noticing it, would make more reports to Westat--even if the actual incidence had not risen.","It is unclear if abuse is occurring more often, or simply being reported more often. ",Neutral,conditionality
MNLI2286,"If she's not paid, she's an Intern.",An intern doesn't get paid.,Entailment,conditionality
MNLI2338,"I n  If a friend tells you you'll love Happy Texas , rethink the friendship.","He's not a good friend if he tells you you'll love Happy Texas, wrote the article.",Neutral,conditionality
MNLI2873,so i've been two nights in a row and i i'm going to take it pretty seriously i'm going to start going every night just you know even if i i like tonight i only went for thirty minutes but i at least did something,I will go once in a while when I feel like it.,Contradiction,conditionality
MNLI2897," If you do not charge anything for copies of this eBook, complying with the rules is very easy.","Even if you charge money, complying with the rules can be possible.",Neutral,conditionality
MNLI3670,if you know if it was Cuba,If it wasn't Turkey,Contradiction,conditionality
MNLI3986,"One look at Fred Rooney, and you just know he's the good guy.",It is hard to tell at first if Fred is good.,Contradiction,conditionality
MNLI4005,"But if I forego the luxury of engraving, the clerk will sell me 500 24 pound Strathmore sheets and envelopes, flat printed, for $167.","The clerk said that if I choose to engrave, he'll give me a 20% discount.",Contradiction,conditionality
MNLI4338,"Oles and crescendos from the band mean the matador is doing well, but if you hear whistles and the cry afuera!","If the band shouts ole, it means the matador is doing badly.",Contradiction,conditionality
MNLI4350,yeah oh you can look in if you pretty if you look at the region and and on to their detriment they came from uh this uh hundreds of years of Spanish control in the in the Spaniards have a horrible history of corrupt uh government greedy uh rulers who uh have been uh i don't know manipulating manipulating their public for their own their own good i mean if you go back to the kings and then the the conquistadors coming in and and the whole the incredibly horrible things they did to the uh the native tribes i mean they make uh they make the things that Custer did look like uh like trivial and uh you get,What we did to Natives makes Custer look kind.,Entailment,conditionality
MNLI4735,"A standard Guadeloupe souvenir is a puffed-up, porcupine-spined puffer fish (poisson lane), which, if large enough, can become an offbeat lamp shade.",Many people like to buy a stuffed puffer fish as a souvenir that doubles as a lamp shade.,Entailment,conditionality
MNLI4955,well if that's not the problem it,That's not the problem ,Entailment,conditionality
MNLI5163,"I did get to finish it before I was caught out.""The pages separated stiffly under his exploring fingers as if the volume had not been opened for a long time.",I was caught out before I finished it.,Contradiction,conditionality
MNLI5186,He knows everything and his vengeance is swift.,He has access to all of the information and will act quickly if slighted.,Entailment,conditionality
MNLI6127,Let us honor his memory.,He would love it if we respected his legacy.,Neutral,conditionality
MNLI6173,"Behind the Op??ra are two of the best known department stores, the Galeries Lafayette and Au Printemps.",Behind the opera house there's two of the best known department stores if you can find them,Neutral,conditionality
MNLI6469,so if there's no controversy if you're not worried about who's going to win if you think it's going to be a shoo-in then uh you know you don't vote so uh,You are aware you do not cast a vote for any candidate.,Entailment,conditionality
MNLI6534,okay i'm i feel i'm like i'm almost an expert on this subject i've got two in college and if one doesn't graduate i'm going to have three there by September,Everyone gets help from parents for college. ,Contradiction,conditionality
MNLI7351,"If you missed the links in the article, you can click for a summary of Richard Nixon's transgressions, and for the full text of the articles of impeachment against him.",The links in the article contain different material than the links at the bottom of the article.,Neutral,conditionality
MNLI7502,"The assistant shoemaker is another of Malamud's weirdly insistent, lonely souls--impelled, who knows why, to devote himself to a hopeless love; still wincing from the horrors of Europe, which he has not entirely escaped; inarticulate, yet bursting with passion, if only his boss, the master shoemaker, will deign to listen.",The master shoemaker kept a professional relationship with his assistant.,Neutral,conditionality
MNLI7590,if you're lucky,"If you are lucky, it will not happen. ",Neutral,conditionality
MNLI8148,it it it'll save your fingers trust me,"If I were to be truthful, it won't always save your fingers.",Neutral,conditionality
MNLI8727,"In the event that the selfinspection process does reveal problems, grantees are asked to consult with LSC to determine the appropriate corrective action.",You are not required to consult with eh LSC if there are problems.,Neutral,conditionality
MNLI9233,I'd be very surprised if the results were substantially different.,I expect the results to be substantially different.,Contradiction,conditionality
MNLI9714,How can I have my new face and my old friend at the same time?,Will we continue to be friends if I change? ,Entailment,conditionality
MNLI9784,"He said it had that in a drawer in Mr. Hersheimmer's room he had discovered a photograph."" The laywer{sic paused, then continued: ""I asked him if the photograph bore the name and address of a Californian photographer.",He was asked about photographers from California in particular.,Entailment,conditionality
MNLI9801,The actual annual requirement for labor would be less if the estimated number of retrofit installations were evenly distributed over the full five-year increment of time instead of the conservative three-year increment.,Having installations every five years or every three years does affect labor costs.,Contradiction,conditionality
MNLI9967,"But if Republicans push the impeachment inquiry to the point of antagonizing and mobilizing Democratic voters, the GOP's low-turnout strategy will be ruined.",The GOP has low voter turn out.,Contradiction,conditionality
MNLI11445,"When a washer or dryer finishes and the owner doesn't show up within a few minutes to collect the clothes, what am I supposed to do if I am waiting for the machine?",How long do I wait for someone to remove their clothes from the washer or dryer?,Neutral,conditionality
MNLI11688,"The heads of the many fashionably attired women present were busily laid together, and their whispers became so loud that the judge angrily threatened to have the court cleared if there was not immediate silence. ",The judge pointed at the loud women and demanded immediate silence.,Neutral,conditionality
MNLI11826,"They say that if you can understand their dancing, you'll have begun to understand the Creole soul.",It is known that you will understand their language by listening them sing.,Neutral,conditionality
MNLI11847,i mean that that's the problem uh his grandmother that's in it now she had a stroke and they didn't catch it for three days if you can imagine such a thing,His grandmother's in a terrible state now.,Neutral,conditionality
MNLI11987,please send in your uh you know this particular card and you get uh a free trip or something along those lines,You win a free coffee if you send in this particular card.,Contradiction,conditionality
MNLI12083,unless the people have proof that they're leaving that they're not going to stay,If we can see proof that those people are getting out of the country then those people are not going to stay.,Neutral,conditionality
MNLI12116,"But, if it's all so long ago, and the war's over, what does it matter now?""","Though it was a long time ago, it still really does matter.",Contradiction,conditionality
MNLI12229,A few pundits wonder whether Clinton will take the Fifth if subpoenaed.,Some wonder if Clinton will plead the fith if summoned to court. ,Entailment,conditionality
MNLI12571,"If you're up to a climb, take the Mount Austin road to the Victoria Peak Gardens.",It is a hike to get to the Victoria Peak Gardens.,Entailment,conditionality
MNLI13052,they can go ahead and use it then or they can just wait the full year and then have two,If you don't use it before the end of the year it's gone.,Contradiction,conditionality
MNLI14442,"However, he reiterated that if we do not publish in trauma and emergency medicine journals, practices will not change.",Publishing in trauma and emergency journals are the only way of changing practices.,Neutral,conditionality
MNLI14611,"Again, as in the case of wine sales, states have taxing jurisdiction over transactions only if the seller has sufficient physical presence in the state.",Seller do not always have sufficient physical presence in a state.,Entailment,conditionality
MNLI14701,"If I have a hair from your head, I can model you with power over you.",The narrator is a vampire and this is one of their vampire powers.,Neutral,conditionality
MNLI15055,The market price of a Treasury security falls when the current interest rate on Treasury securities of equal maturity rises.,"If the current interest rate stays the same, the treasury security market price stays the same.",Neutral,conditionality
MNLI15371,it's a very strange car i don't know you if you have them down there but it's a Saab,"It is a weird car called the Saab, unsure if it exists down there.",Entailment,conditionality
MNLI15402,"It is hard to imagine, though, why any government would embargo such a product, unless the plastic surgeons' lobby has already got to them.",There's not a single reason why any government would embargo this product.,Contradiction,conditionality
MNLI15475,there have been times that i have been bad about the credit cards and so pretty much now uh we don't use them too much if we travel or something yeah but you know,Did you not understand how credit works?,Neutral,conditionality
MNLI17412,i mean we would if we used it we would get it and then uh the company would reimburse any company expenses on it but so far he's never had to use it so we don't know anything about the billing,We haven't had any billing experience with the company. ,Entailment,conditionality
MNLI17912,"[It] seems incontestable that if no communication in the ordinary sense of the word is possible, there can be no lie.",It's sure that no communication corresponds to no lies.,Entailment,conditionality
MNLI17951,yeah well if you're not in real bad shape it's it's you know a retirement a retirement home is is is a good idea for somebody like that but uh if you've got a lot of health problems,"If you're in bad health, a retirement home is a good idea.",Contradiction,conditionality
MNLI18234,"Still, if coal and oil are the low price for which they would sell us the troubles and tortures of racial youth, my answer is that the commodity would be dear if offered gratis.""  ","The demand for the commodity would rise, if it were offered for free.",Neutral,conditionality
MNLI18542,they said that they wouldn't leave Russia unless Russia told them that they couldn't travel anymore and compete,They were willing to face the harsh conditions and stay in Russia.,Neutral,conditionality
MNLI19012,"If grade budgets are such a good idea, why don't we have them?",We do not have grade budgets. ,Entailment,conditionality
MNLI19172,The 18th-century Palazzo Grassi has been recently restored by Gae Aulenti for major art exhibitions of world-class quality.,The 18th-century Palazzo Grassi would be unpresentable if it was for Gae Aulenti.,Neutral,conditionality
MNLI20088,that you can send a kid to school but if don't work with them as a parent i think you're putting your child at a big disadvantage,Parents who work with their kids put them at a great disadvantage.,Contradiction,conditionality
MNLI20195,"Now if he promised he wouldn't tell on you, he didn't.",We didn't learn about this from him.,Neutral,conditionality
MNLI21025,"Abraham Lincoln was walking at a steady pace, as if he had all the time in the world.",Lincoln was not worried and walked slowly.,Neutral,conditionality
MNLI21100,"Well, what do you think? I asked feebly. ",I pondered if i made it well.,Contradiction,conditionality
MNLI21684,I hit you with my rapier but imagine if Thorn had parried with his blade.,I hit you with my little sword.,Entailment,conditionality
MNLI22071,"If you squint, it looks like we won.",It's obvious that we won.,Contradiction,conditionality
MNLI22090,in our yard and our property and they're pretty old big tall trees and so if it's an overcast day then the weather is pretty blah  because i really have to some sunshine or else i feel like i live in a cave all the time,"When there's no sunshine, it feels like I'm living in a cave.",Neutral,conditionality
MNLI22925,"If you choose to walk, be prepared to get lost, often, and to be an object of friendly curiosity.",Walking will get you lost,Entailment,conditionality
MNLI23391,"There was much grumbling in the ranks about this question but, if imperfect, it does rest on a solid theoretical foundation.",The complaints in the ranks did not yield any result.,Neutral,conditionality
MNLI23513,"If you start at once I think you can catch the connection."" Tommy looked up, puzzled.",Everybody knew that Tommy wasn't nearly smart enough to catch the connection.,Neutral,conditionality
MNLI24030,"If my conclusions are right, that girl at Manchester was just a plant.",I have reason to suspect that the girl at Manchester was merely a plant.,Entailment,conditionality
WANLI77,"If we were to hold that it is unconstitutional to ban or restrict public display of the Ten Commandments, we would be required to decide whether the Commandments are a religion or a moral code.",Commandments are not a religion.,Neutral,conditionality
WANLI279,"To do so, it is important to have a clear understanding of the organization's business objectives and how the proposed information system will help the organization achieve those objectives.","If the organization has a clear understanding of its business objectives, it will be able to use the proposed information system to achieve those objectives.",Neutral,conditionality
WANLI447,But he also said that he would make a mistake if he was elected.,He would not make a mistake.,Neutral,conditionality
WANLI481,"If the product is to be tested for environmental compatibility, the manufacturer shall: (1) test the product in a laboratory under conditions that simulate those that the product will be used under, (2) conduct a test on the product for its ability to withstand adverse environmental conditions, and (3) test the product for its ability to withstand incidental contact with human skin.",The product is tested for its ability to withstand adverse environmental conditions.,Neutral,conditionality
WANLI717,"I'm sure that if you ask them, they'll say they were ready to go.",They will say that they were ready to go.,Neutral,conditionality
WANLI1219,"But if we can't do that, we'll have to change the rules.",We'll have to change the rules.,Neutral,conditionality
WANLI1569,"If you would like to see the pictures, please contact me at the address below.",I am not at the address.,Neutral,conditionality
WANLI1685,"If the country had more power, it would be able to control the military.",The country would be able to control the military.,Neutral,conditionality
WANLI1706,"If the police believe that the crime was committed by a group of people, they will arrest all of them.","If the police believe that the crime was committed by a single person, they will arrest that person.",Entailment,conditionality
WANLI1867,"If you can't, then I will do it myself.",I will do it myself.,Neutral,conditionality
WANLI1953,This new policy would create a huge problem for the nation's health care system.,The health care system would be under stress if the new policy were implemented.,Entailment,conditionality
WANLI2063,"And if you can't do it, we'll find someone who can.",I can do it.,Neutral,conditionality
WANLI2102,"And if the Democrats do not win the White House, they will not be able to achieve their other goals, such as raising the minimum wage and increasing taxes on the rich.",Democrats will win the White House.,Neutral,conditionality
WANLI2211,If I have time I will write you a letter.,I will write you a letter.,Neutral,conditionality
WANLI2339,"If you are in a hurry, you can take the bus.",You can take the train.,Neutral,conditionality
WANLI2621,"'Oh, don't be silly,' she said, rolling her eyes.",She was sarcastic if she rolled her eyes.,Neutral,conditionality
WANLI2681,"If you're not, then I'll just have to ask you to leave.",You are not leaving.,Neutral,conditionality
WANLI2803,"The report also suggests that if the State of California were to require the testing of all prospective employees, the cost of testing would be about $1.5 million per year.",The cost of testing would be high.,Neutral,conditionality
WANLI3018,"That is, there is a natural tendency to think that you are not entitled to something if you do not get it.","If you do not get something, you do not deserve it.",Neutral,conditionality
WANLI3075,"If I was a smart guy, I would be in the computer business.",I am not a smart guy.,Entailment,conditionality
WANLI3081,"If I had to sum up the film in one word, I'd say it's the word ""misery.""","The film is the word ""misery.""",Contradiction,conditionality
WANLI3095,"If the man in the moon were to send us a message, it would be the only message we would ever receive.",The man in the moon has no message to send.,Neutral,conditionality
WANLI3247,"If you're not careful, you'll end up like me.",You will end up like me.,Neutral,conditionality
WANLI3677,"So, you're saying that if you can't remember, this conversation is over.","If you can't remember, this conversation is over.",Neutral,conditionality
WANLI3686,"If we do not, we will be the only country in the world that does not.",We will be the only country in the world that does not,Neutral,conditionality
WANLI3784,"If the postal service does not provide for the delivery of mail, then it is not a postal service.",The postal service is not closed.,Neutral,conditionality
WANLI3843,I don't know if the North Vietnamese would have attacked us if we had not attacked them.,The North Vietnamese would not have attacked us if we had not attacked them.,Neutral,conditionality
WANLI4066,"But if a great many people do not accept the validity of the idea, it is because they have not thought it through.",The idea is not thought through.,Neutral,conditionality
WANLI4118,It was as if a knife had been plunged into my heart.,A knife was plunged into my heart.,Contradiction,conditionality
WANLI4126,"If you don't, you'll have to deal with the consequences.","If you don't do what I say, you will have to deal with the consequences.",Neutral,conditionality
WANLI4310,It is a statement of the law that every person is presumed to be innocent until proven guilty.,"If you are innocent, you are presumed to be innocent.",Neutral,conditionality
WANLI4345,"If the Senate passes the budget, it will be a big victory for President Clinton.",The Senate passed the budget,Neutral,conditionality
WANLI4380,"If you can't be trusted to handle a knife, you can't be trusted with a gun.",You can't be trusted with a gun.,Neutral,conditionality
WANLI4453,"If the standard deviation of the distribution of delivery route profit margins is small, then the losses from unprofitable routes will be small.",The standard deviation of the distribution of delivery route profit margins is small.,Neutral,conditionality
WANLI4514,"If the same questions are asked in the same way, the same answers will be given.",The questions are not the same.,Neutral,conditionality
WANLI4784,"If the old adage is true, then there's no accounting for taste.",The old adage is true.,Neutral,conditionality
WANLI5080,"They said that if the matter was not settled by Monday, they would ask the governor to appoint a special prosecutor.",The governor was expected to appoint a special prosecutor.,Contradiction,conditionality
WANLI5139,"In a recent speech, he warned that unless the United States acted soon, the country would become a ""banana republic.""",The United States would become a banana republic.,Neutral,conditionality
WANLI5577,"If the left-hand rule is used, the result is:",The result is:,Neutral,conditionality
WANLI5860,A great way to keep a watchful eye on things is to keep a close eye on the watchers.,The watchers can only keep a close eye on things if they keep a close eye on the watchers.,Entailment,conditionality
WANLI5918,"If the result of this was to generate more public interest in the arts, it was a worthwhile price to pay.",The result of this was to generate more public interest in the arts.,Neutral,conditionality
WANLI5969,"If we can identify and address the root causes of the problem, we can stop the spread of the disease.",The root causes of the problem are not being identified.,Neutral,conditionality
WANLI6188,"There is a certain je ne sais quoi about the book, a sort of magical realism that makes it seem as if it were written by a writer who has seen and experienced all the things it describes.",The book is magical.,Neutral,conditionality
WANLI6444,It is an interesting fact that the only way to be certain of getting a good table in a restaurant is to ask for it.,"If you ask for a good table, you will get a good table.",Neutral,conditionality
WANLI6676,What if a similar scenario were to occur in the future?,It is impossible for a similar scenario to occur in the future.,Entailment,conditionality
WANLI7035,"If the transaction is considered to be a transaction in which the seller is the buyer and the buyer is the seller, then the fair value of the property transferred is the same as the value of the property received.",The fair value of the property transferred is the same as the value of the property received.,Neutral,conditionality
WANLI7296,"If you have a problem with it, talk to the guy who invented it.",The guy who invented it has a problem with it.,Neutral,conditionality
WANLI7343,"If we can be said to have a single identity, it is a collective one, an identity based on the will of the people.","If we can be said to have a single identity, it is a collective identity.",Neutral,conditionality
WANLI7352,"If you are lucky enough to be invited to a dinner party, do not wear your suit to the party.",Wearing your suit to the party is not unlucky.,Neutral,conditionality
WANLI7440,"If the dog had been in the room, the noise would have been audible.","The dog was not in the room, so the noise was not audible.",Entailment,conditionality
WANLI7851,He also claims that the Führer's hatred of Jews is so great that he would have ordered the destruction of the Jews in the concentration camps even if he had known that the Allies would have bombed the camps.,The Führer did not order the destruction of the Jews in the concentration camps.,Neutral,conditionality
WANLI7858,"If you were in my shoes, you would do the same.","If you were in my shoes, you would be more careful.",Neutral,conditionality
WANLI8012,"If you do not, I will give you a nice pair of shoes.",I know this much is true.,Neutral,conditionality
WANLI8133,"If he had not, he would have been seen as a fool.",He was seen as a fool if he had not stopped.,Neutral,conditionality
WANLI8318,"It's easy to take a nap on the couch, but I'm afraid that if I fall asleep, I'll miss the movie.","If I fall asleep, I will miss the movie.",Neutral,conditionality
WANLI8354,"A major concern is that if the facility is not able to maintain the necessary records, it will be difficult to determine whether the facility is in compliance with the requirements of the rule.",The facility will not be able to determine whether it is in compliance with the requirements of the rule.,Neutral,conditionality
WANLI8580,"She's the sort of girl who, if she's happy, will look as if she's just been paid.",She looks as if she's just been paid.,Neutral,conditionality
WANLI8708,"If I have to, I will.",I won't have to.,Neutral,conditionality
WANLI8721,"If the president were to veto the bill, he would risk political capital and lose credibility with the public.",The president is a politician.,Entailment,conditionality
WANLI8752,"In the absence of a clear threat, the threat of an undefined threat is a good one.","If there's no clear threat, it's a good idea to make one up.",Neutral,conditionality
WANLI9037,"If the party decides to take a stand on the issue, it will be able to choose from a range of policies, including a mandatory death penalty, the right to bear arms, and a complete ban on abortion.",The party will take a stand on the issue.,Neutral,conditionality
WANLI9106,"If the current rate of inflation is taken into account, the Postal Service will be able to pay its current obligation to the federal government for retiree health benefits at least for the next ten years.",The Postal Service will be able to pay its current obligation to the federal government for retiree health benefits at least for the next ten years.,Neutral,conditionality
WANLI9234,"If the government does not act, the crisis will continue to worsen.",The crisis will continue to worsen.,Neutral,conditionality
WANLI9295,"This example shows that if a company has a high level of debt, it is not necessarily a problem.",Having a high level of debt is a problem.,Neutral,conditionality
WANLI9469,"If the Bush administration had done the right thing, the war would have been over by now.",The war is not over.,Entailment,conditionality
WANLI9497,"If you think that the best way to solve the problem is to get rid of all the cars, you're wrong.",The best way to solve the problem is to get rid of all the cars.,Contradiction,conditionality
WANLI9868,"If the city council is not willing to spend the money, the board of education will have to do it.",The city council will have to do it.,Neutral,conditionality
WANLI9883,"If you have a long wait, don't go to the snack bar. It's usually full of noisy kids.","If you have a long wait in line, don't go to the snack bar. It is usually full of noisy children.",Neutral,conditionality
WANLI10014,"""You will be sorry if you do not,"" said the manager.","If you don't do it, you will regret it.",Neutral,conditionality
WANLI10050,"If the technology of tomorrow is not capable of addressing the problems of today, then it is not the technology of tomorrow that is the problem, but the lack of imagination of today.",The technology of tomorrow is capable of addressing the problems of today.,Neutral,conditionality
WANLI10092,"If the process of socialization and learning that takes place in the family and in the school is not interrupted, the child will learn to speak, read, write, and do arithmetic.",The process of socialization and learning that takes place in the family and in the school is interrupted.,Neutral,conditionality
WANLI10266,"If the wine is too old, it can be made into vinegar.",The wine can be made into vinegar.,Neutral,conditionality
WANLI10456,"If the relationship between the value of the dollar and the value of the yen continues to deteriorate, the dollar will fall and the yen will rise.",The dollar will fall and the yen will rise.,Neutral,conditionality
WANLI10586,"If the State of California's legislature adopts the amendment, the amendment will become effective on January 1, 2017.","The amendment will become effective on January 1, 2017.",Neutral,conditionality
WANLI11353,I am convinced that the only thing that will save us is if we are able to reach the area of mutual understanding.,The only thing that will save us is if we are able to reach the area of mutual understanding.,Neutral,conditionality
WANLI11481,"If the school district is not an entity that has the power to issue bonds, then the school district can not issue bonds.",The school district can not issue bonds.,Neutral,conditionality
WANLI11808,"But it is clear that if labor costs are not adjusted, then labor productivity will not be adjusted.",It is not clear that labor productivity will be adjusted if labor costs are not adjusted.,Contradiction,conditionality
WANLI11872,"If the good guys are so good, why are they so bad?",The good guys are not necessarily bad.,Contradiction,conditionality
WANLI11903,"What's the matter, Mr. Smithers? You look as if you've seen a ghost.",Mr. Smithers has seen a ghost.,Neutral,conditionality
WANLI12350,"If you think that the current model is good, please send us your comments.",The current model is bad.,Neutral,conditionality
WANLI12450,"If we're interested in identifying patients with binge drinking, we can define binge drinking as 3, 4, 5, or 6 drinks on an occasion.",Identifying binge drinking in patients isn't strictly determined by the number of drinks had in a single sitting.,Contradiction,conditionality
WANLI12850,"If the demand for the product is low, the producer will not have to pay the minimum wage.",The producer will have to pay the minimum wage.,Neutral,conditionality
WANLI12896,"If the proposal is approved, the new contract will go into effect on January 1, 2015.","The new contract will go into effect on January 1, 2015.",Neutral,conditionality
WANLI13101,"And if you'd ever told me, I'd have known how to do it.",I would have known how to do it.,Neutral,conditionality
WANLI13125,"If you are too much of a perfectionist, you will never be able to make a good product.","If you are not too much of a perfectionist, you will be able to make a good product.",Neutral,conditionality
WANLI13250,"If the financial sector is so important, why are so many banks failing?",The financial sector is not important.,Neutral,conditionality
WANLI13288,"If the case is being handled by the staff of the Intake and Intake II programs, the appropriate next step is to contact the Intake II program for a referral to the Intake program.",The appropriate next step is to contact the Intake program for a referral to the Intake II program.,Contradiction,conditionality
WANLI13609,"In the film, the soldiers are shown as they are, as if they were already dead.",The soldiers are already dead.,Neutral,conditionality
WANLI13877,"If I don't find a job, I'll have to go back to school.",I have to find a job.,Neutral,conditionality
WANLI13969,He asked me if I would go with him to a concert at the Albert Hall.,He said he would go with me to a concert at the Albert Hall.,Entailment,conditionality
WANLI14527,"If I have not yet mentioned it, I have not yet read it.",I have not yet read it.,Neutral,conditionality
WANLI15211,"When the interest rate on Treasury securities of equal maturity rises, the market price of a Treasury security falls.","If the current interest rate stays the same, the treasury security market price stays the same.",Neutral,conditionality
WANLI15279,"The reason that the non-profit sector is so important is that it has the ability to change the world, even if it does not have the power to do so.",Non-profits do not have the power to change the world.,Entailment,conditionality
WANLI15380,"I can't help thinking that if you were in a position to help, you would have done so.","I would have done so, if I were in a position to help.",Neutral,conditionality
WANLI15478,"If the worker's job was to work the machine, the machine was the worker's boss.",The machine was not the worker's boss.,Neutral,conditionality
WANLI15616,We'll go if you're sure.,You're sure.,Neutral,conditionality
WANLI15748,"If this happens, we will have to reconsider our current policies.",This will have to be re-evaluated.,Neutral,conditionality
WANLI15932,"If you think I'm so clever, why don't you go and see the police?",I think you are very clever.,Neutral,conditionality
WANLI16150,"If I had not asked, he would not have answered.",He would have answered anyway.,Contradiction,conditionality
WANLI16409,"If they can't afford to buy a car, they can't afford to go to the movies.",They can't afford to go to the movies.,Neutral,conditionality
WANLI16463,"If you have to have an argument, have it with me.","If you have to have an argument, have it with your girlfriend.",Contradiction,conditionality
WANLI16523,"In other words, if we have a pair of opposites, we can always get a contradiction.","If we have a pair of opposites, we can always get a false dichotomy.",Contradiction,conditionality
WANLI16564,"If you don't, the company will be put out of business.",The company will be put out of business.,Neutral,conditionality
WANLI16712,It is not as if the country has no interest in the problem.,"The country has no interest in the problem, because the media has decided to ignore it.",Contradiction,conditionality
WANLI16928,"For example, in some states, if a couple has a child before they are married, the child is considered illegitimate.",The child is not illegitimate.,Neutral,conditionality
WANLI17199,"If the new legislation is passed, it will be possible to create a separate Ministry of Women's Affairs.","If the new legislation is passed, a separate Ministry of Women's Affairs will be created.",Neutral,conditionality
WANLI17289,"If the military establishment has to act in this way, it is because it is only a shadow of the great army that was once the pride of the nation.",The military has been greatly reduced in size.,Entailment,conditionality
WANLI17458,"If you don't, you will be responsible for the entire cost of the repairs.","If you don't do the repairs, you will be responsible for the entire cost of the repairs.",Neutral,conditionality
WANLI17463,"If you have a complaint, write to the Postmaster General.","If you have a complaint, write to the president.",Neutral,conditionality
WANLI17582,"If I'd known, I would have told you.",I knew that you would tell me.,Neutral,conditionality
WANLI17635,"If you are in the mood for some 'bistro music', I would recommend the chef's special of the day.",The chef's special of the day is a good place to have dinner.,Neutral,conditionality
ANLI1632,Brook Eats Thai Food<br>Brook wants to try a new type of food. She hears that there is a Thai food open in her neighborhood. Brooke tries it out. It is spicy but good. Brooke is happy to have tried new food.,Brook tried Thai food for the first time,Entailment,intensionality
ANLI1959,"All right. It's admitted subject to the defendants' objection. P60 is the letter from School Board Member Geesey to the editor again. I think I noted that it was admitted. Over the objection already of the defendants, we'll reaffirm that, but you can make any other objections you want to on the record, but I think that was thoroughly argued at that time.",P60 is the letter from a school board member to the editor in which they retell what happens in the case.,Neutral,intensionality
ANLI1994,How to find yearbooks<br>Reach out to the school's media center. The media center at the high school is usually in charge of keeping copies of previous yearbooks. Look for a contact number for the media center at the school online or call the front desk at the school and ask to be connected to the media center department.,School libraries have yearbooks.,Neutral,intensionality
ANLI2325,"WASHINGTON, Sept 26 Individuals seeking health insurance under Obamacare through new federal marketplaces will be able to enroll online as planned beginning Oct. 1, despite a one-month delay for small businesses, the Obama administration said on Thursday. ""The individual marketplace will still open on time on Oct. 1 with full online enrollment,"" U.S. Department of Health and Human Services spokeswoman Joanne Peters said in a statement. (Reporting by David Morgan; Editing by Lisa Von Ahn)",This story was reported by a man,Entailment,intensionality
ANLI2937,How to find time for coffee in the morning<br>Every night prepare your coffee. Put a filter and the amount of ground coffee you need in the coffee maker. Pour in the amount of water you'll need as well.,The guide does not advise people to prepare the coffee in the middle of the day.,Entailment,intensionality
ANLI3433,"1999<br>In 1999, I met Jason via an online chat forum. We got along ok, but I really only wanted an escape. When he came to pick me up, I went with him sight unseen. I moved to oklahoma with him. We ended up getting married unnecessarily.",I did not get along well with jason,Contradiction,intensionality
ANLI3994,"They 'll think it 's splendid , '' said Amy , much impressed by the note .<br>`` Try it , honey .<br>Let 's hear the sound of the baby pianny , '' said Hannah , who always took a share in the family joys and sorrows .<br>So Beth tried it , and everyone pronounced it the most remarkable piano ever heard .",They were referring to a violin.,Contradiction,intensionality
ANLI4271,"Apart from the new substances entering the market, the phase out of existing ones, which have been definitely identified as damaging the ozone layer, is far from complete.",Some substances need to be taken off the market due to their environmental impact.,Entailment,intensionality
ANLI4670,The commission's order on the proposed hydroelectric development shall describe the Energy Facility Siting Council's recommendations on the need for the power.,The commission is considering a proposal on wind power.,Contradiction,intensionality
ANLI4818,Germany<br>The man went to Germany. He didn't want to look like a tourist. He went to a traditional clothing shop. He put on an outfit he bought. He still looked like a tourist.,The man despises Germany.,Neutral,intensionality
ANLI4956,"How to make taro in coconut cream and honey<br>Using a peeler, peel off the outer covering of four individual tubers of taro. Wash the taro to remove all traces of dirt. Cut the peeled and washed taro into halves.",Water will be needed,Entailment,intensionality
ANLI4958,"Image copyright Reuters Britain's Mark Cavendish pulled out of the Tour de France after breaking his right shoulder in a crash. The 32-year-old from the Isle of Man collided with the world champion Peter Sagan before hitting the barriers in a sprint finish. Cavendish, who is just five stage wins away from a Tour record for the most victories, said he was ""massively disappointed"". The race doctor says Mark, who won a silver medal at the Rio2016 Olympic Games, needs rest but won't need an operation. Peter Sagan has been disqualified from the race for dangerous riding.",Mark Cavendish pulled out of the Tour de France.,Entailment,intensionality
ANLI5001,"How to conduct an interview via email<br>Get the subject's approval prior to drafting questions for and sending the interview email. Call her or send an email explaining who you are, what the story you are writing is about, and the types of information you hope to garner from the responses. Indicate why you think she is a good source for your story.","After you indicate why you think she is a good source for your story, wait until after the interview to blackmail them.",Neutral,intensionality
ANLI5283,"RED VERSUS YELLOW In broad terms, Thailand's crisis is a battle between the ""yellow shirts"" -- royalists, the military and urban Thais, who back Prime Minister Abhisit Vejjajiva -- and the ""red shirts"" -- supporters of former premier Thaksin Shinawatra whose power base was mainly drawn from the country's millions of rural poor. Bureaucratic and military elites have run Thailand for decades, with the poor excluded except during elections when competing parties would try to buy their votes. When Thaksin swept to power in 2000, promising a raft of policies aimed at the poor, things changed.",The royalists only wear yellow,Neutral,intensionality
ANLI5966,"How to write a letter to your best friend<br>Take notes. It can be scary to sit down to a blank page and try to write a long, meaningful letter. Even though you know your best friend well, it can still be difficult to think of what to write.",think about a good memory can be usefull to write a letter,Neutral,intensionality
ANLI6959,Arrow<br>Ethan didn't know what sign to follow. One sign had an arrow to the left. Another sign had the arrow to the right. He decided to go to the right. It led him to where he wanted to go.,the right arrow showed the correct way,Entailment,intensionality
ANLI8003,"How to lose weight over 40<br>Enjoy a colorful variety of fruits and vegetables. Every person needs at least 1-1.5 cups (240-260 ml) of fruit and 2.5-3 cups (605-680 ml) of vegetables every day. Eating whole fruits and vegetables including raspberries, kale, squash, blueberries, pineapple or peppers can help you get your daily allowances.",Some fruits are best avoided,Neutral,intensionality
ANLI8160,"Tie Dye<br>His name is Tyler but he prefers to be called by his nickname, Tie Dye. He's a sixteen year old boy who is part of the youth group I lead. Like most teens, Tie Dye is quite the challenge to lead. His home life is unstable and his temperament always reflects that. He's a great guy but he needs to grow up quickly.",Tie Dye will be eighteen on his next birthday.,Contradiction,intensionality
ANLI9718,A Girl Name Reagan<br>Tim was asked to show the new student around. He was to wait in the school office for a student named Reagan. Waiting for the student to arrive he wondered what they would be like. Tim assumed the person would be tall like him and a boy. When the person finally arrived it was short girl dressed all in blue.,The new student needed to be shown around.,Entailment,intensionality
ANLI9871,"Now, there's more work to do. Remains to be seen, however, whether or not there's going to be a political settlement in Kosovo, and I certainly hope there is one. Also on record as saying at some point in time I hope our European friends become the peacekeepers in Bosnia and in the Balkans.",Europeans are peacekeepers in Bosnia,Contradiction,intensionality
ANLI9992,How to keep your balance on a galloping horse<br>Ride the horse at a walk or trot for at least ten minutes. Before you allow the horse to begin galloping you need to get it warmed up. This will enable the horse to stretch out its body in preparation for swift movement.,The horse needs to be a tame horse.,Neutral,intensionality
ANLI10231,"How to rip content protected cds without using the bundled software<br>You need to disable autorun. Do this by running regedit. Exe (press start, run, type regedit, press enter). In the registry editor, navigate to hkey _ local _ machine \ system \ currentcontrolset \ services \ cdrom.",The process can be used to rip DVDs.,Neutral,intensionality
ANLI10234,"According to the captain, the 1999 ferry was inspected by the Transport Ministry on December 9 and was certified to be in good condition. ""It seems that due to the weather conditions the chance is little, but we still hope,"" Djamal stated. With 17 crew members, and carrying 200 tons of cargo, the ill-fated PT Nur Budi owned and operated ferry sank so fast that the crew ""had no chance to ask the passengers to wear life jackets.""",The inspector certified it but was aware of the issues,Neutral,intensionality
ANLI10962,Missed appointment<br>Suzy made an appointment to get her hair done. She promised she would be there. But the next day she woke up late. Therefore she couldn't make it. She missed it but they still charged her.,Suzy needed a trim,Neutral,intensionality
ANLI11158,"Barbie House for Meredith<br>Meredith wanted a Barbie doll house for Christmas. Her parents told her not to expect one. She hoped that Santa would bring her one anyways. On Christmas morning, she rushed downstairs. Her very own Barbie house was under the tree!",It was a used toy,Neutral,intensionality
ANLI11445,"These 109 petitioners from my riding and outside my riding ask that the money presently aimed at the creation and implementation of the gun registration system be redirected toward more cost effective methods of fighting crime in this country, including more police on the streets, crime prevention programs, suicide prevention programs, women's crisis centres, anti-smuggling campaigns and more resources for fighting organized crime and street gangs.",Guns are expensive and the police need the money redirected to them.,Neutral,intensionality
ANLI11589,The Reporter<br>Maya liked writing for the school newspaper. She enjoyed reporting on daily school activities. Maya wanted to be a reporter one day. She was invited to intern at a local news station. Maya became a well known news reporter.,Maya hated her school.,Neutral,intensionality
ANLI11962,"The Peanuts Section<br>My license expired a few days ago, so I had to go to the DMV. I waited in line for what seemed like an eternity. When I told the woman I needed a license renewed, she gave me a look. Then she clicked her tongue and said the weight needed to be updated. Thanks for the boost of confidence, DMV lady.",The last statement in this context is a sarcastic remark. ,Entailment,intensionality
ANLI12124,Randy gets drunk<br>Randy wants to have a good time. He buys some beers. He drinks them all. He becomes drunk. Randy passes out from all the drinking., Randy only drinks 11% of drinks he buy,Contradiction,intensionality
ANLI12225,"How to clean potatoes<br>Start with clean hands. Be sure to wash your hands first using an antibacterial soap, and to rinse them well. You don't want to transfer any bacteria to your clean potatoes.","Be sure to wash your hands first using an antibacterial soap, and to rinse them well with a lot of dirt.",Contradiction,intensionality
ANLI12487,"Hellgate (originally titled Shadows) is a 2011 American-Thai supernatural thriller directed and written by John Penney, starring William Hurt and Cary Elwes. Elwes plays the sole survivor of a car crash who, upon seeing ghosts, seeks help from a spiritual guru (Hurt).",Hellgate was released in American before Thailand,Neutral,intensionality
ANLI12712,"I look forward to our study of Bill C-54, and the appearance before the Standing Senate Committee on Banking, Trade and Commerce of the Privacy Commissioner, who for many years has advocated that his office act as supervisor of the application of the various privacy codes developed by financial and other institutions.",His office has acted as supervisor of the various privacy codes for many years.,Contradiction,intensionality
ANLI12951,Rip Off<br>Sarah was at the market. And she wanted to buy cabbage juice. And she saw a 16 ounce bottle for $6. She knew it was just cabbage and water. So she decided to buy her own juicer instead.,Sarah did not buy cabbage juice.,Entailment,intensionality
ANLI13160,"""Sultans of Swing"" is a song by British rock band Dire Straits from their eponymous debut album, which band frontman Mark Knopfler wrote and composed. Although it was first released in 1978, it was its 1979 re-release that caused it to become a hit in both the UK and U.S.",Dire Straits never wanted to be popular in the United States.,Neutral,intensionality
ANLI13506,"Some of the healthy folks, healthy young kids say I'll never get sick, therefore I don't need health care right now. For those what I think we need to do is to develop an investment-type vehicle that would be an incentive for them to invest, like medical savings accounts with rollover capacity.",Healthy folks never get sick.,Contradiction,intensionality
ANLI13911,Mexican Food<br>Ethan loved his trip to Mexico. He tried lots of food. He came home and wanted more. He looked up those restaurants. He ate at one he liked.,Ethan visted Americas neighbor,Entailment,intensionality
ANLI13946,"The budgetary measures include tax relief for interest on all student loans, interest relief for more graduates, extended repayment periods for those who need them, extended interest relief periods for those who remain in financial difficulty and reductions in loan principal for those who still face financial difficulty.",The budgetary measures include loans that are paid off.,Contradiction,intensionality
ANLI14119,Poor Trays<br>Tim was trying to make ice. He had to do it the old fashioned way with trays. Tim's trays were old and breaking apart. He got pieces of broken plastic everywhere. Tim finally decided to invest in new trays.,Tim needs new trays,Entailment,intensionality
ANLI14187,Bachelor Party<br>Tim was getting married. His friends wanted to throw him a bachelor party. His fiance was completely against it. Tim did it behind her back anyway. His fiancee dumped him before the wedding.,Tim ended up dumping his fiancee before the wedding because of the bachelor party.,Contradiction,intensionality
ANLI14417,"So gun laws are important, no question about it, but so is loving children, and character education classes, and faith-based programs being a part of after-school programs. Some desperate child needs to have somebody put their arm around them and say, we love you.",Gun laws are crucial but not loving children,Contradiction,intensionality
ANLI14460,"I look forward to our study of Bill C-54, and the appearance before the Standing Senate Committee on Banking, Trade and Commerce of the Privacy Commissioner, who for many years has advocated that his office act as supervisor of the application of the various privacy codes developed by financial and other institutions.",The Privacy Commissioner has been an advocate for supervision,Entailment,intensionality
ANLI14880,"Swimming<br>When Steven was 7, he wanted to learn how to swim. He took lessons once a week for a few months. He realized he loved swimming so he joined a swim team. He constantly improved his skills over the years. Next week, he swims for the USA in the Olympics.",Steven has swam for a long time,Entailment,intensionality
ANLI14973,"The Tasmanian Legislative Council is the upper house of the Parliament of Tasmania in Australia. It is one of the two chambers of the Parliament, the other being the House of Assembly. Both houses sit in Parliament House in the state capital, Hobart. Members of the Legislative Council are often referred to as MLCs.",The Tasmanian Legislative Council wants to move out of Hobart.,Neutral,intensionality
ANLI14976,"That's what it's meant to do. And when it gets overextended, morale drops. I strongly believe we need to have a military presence in the peninsula, not only to keep the peace in the peninsula, but to keep regional stability. And I strongly believe we need to keep a presence in NATO, but I'm going to be judicious as to how to use the military.",They support the north alliance treaty,Neutral,intensionality
ANLI15800,How to feed orphaned newborn puppies<br>Buy necessary supplies. To feed a newborn puppy you will need a bottle made specially for feeding newborn puppies and milk replacement formula. The bottle and formula can both be purchased at most large pet supply stores or online.,Feeding newborn puppies requires lots of supplies. ,Contradiction,intensionality
ANLI15909,"Flying!<br>Lucy dreamed to fly over the ocean. She took a plane but couldn't feel the wind and was disappointed. She decided to go to the beach and try to do some parasailing. Five hundred feet above the ocean, she felt the wind. She was very happy and spread her arms very wide.",Parasailing was a dream come true for Lucy. ,Entailment,intensionality
ANLI15954,"""I Don't Ever Want to See You Again"" is a song performed by American contemporary R&B singer Uncle Sam. It is the closing track on his eponymous debut album and was issued as the album's lead single. The song was written and produced by Boyz II Men member Nathan Morris. Released in 1997, it was Sam's only hit on the ""Billboard"" Hot 100, peaking at #6 in 1998.","Uncle Sam called his first album ""Uncle Sammy""",Neutral,intensionality
ANLI16120,"That's fine. And I note that, and that's why I wanted to do this on the record. And I understand that you object to that, and I understand the defendants have interposed not only this objection but they have also argued against that. And to the extent that this really clarifies and reasserts what I have in my prior orders, I think you've preserved your position as it relates to that, and I understand that position.",The plaintiff objects to the judge's comments being on record.  ,Neutral,intensionality
ANLI16146,Reba gets robbed<br>Reba is walking down the street. She gets mugged. Her purse is taken and her watch. She tries running after them. She cannot catch them and they get away.,Reba lost her watch to a mugger.,Entailment,intensionality
ANLI16304,"How to make easy caramel<br>Measure out the ingredients before you start cooking. Timing is very important when making caramel, since it can easily burn, and you don't want to have to search around your kitchen for a measuring cup while your sugar is boiling. Place a heavy-bottomed saucepan on the stove.",Put a frying pan on the stove.,Contradiction,intensionality
ANLI16366,"Peter Chelsom (born 20 April 1956) is a British film director, writer, and actor. He has directed such films as ""Hector and the Search for Happiness"", ""Serendipity"", and ""Shall We Dance?"" Peter Chelsom is a member of the British Academy, the American Academy, The Directors Guild Of America, and The Writers Guild Of America.","He has directed such films as ""Hank and the Search for Happiness"", ""Serendipity"", and ""Shall We Dance?""",Contradiction,intensionality
ANLI16394,"U.S. policy on drug trafficking is not consistent with the need to put an end and actively repress the consumption of drugs. The solution is not based on the destruction of a native plant, coca, in the continent, but on an active fight against the Colombian drug mafia, which has created a great money and crime empire in Colombia with powerful ramifications outside its borders.",The solution is not based on an active fight against the Colombian drug mafia. ,Contradiction,intensionality
ANLI16407,"How to make a watermelon smoothie using a drill<br>Place your watermelon on a large table. By using the knife, make a hole in the middle of the watermelon. Remove any parts from the hanger to have just the wire.",A very big chair is needed to make a watermelon smoothie using a drill,Contradiction,intensionality
ANLI16434,Grilled Cheese<br>Josh was homesick. All he wanted was his mom's grilled cheese. He finally decided to try to make it himself. He bought all the ingredients and tried his best. The result was a perfect grilled cheese just like his mom's.,Josh misses his home,Entailment,intensionality
ANLI16795,"I've said it before, I say it again: I believe the president broke faith to the American people in the way that he took this nation to war. He said he would work through a real alliance. He said in Cincinnati we would plan carefully, we would take every precaution. Well, we didn't. And the result is our forces today are overextended.",The president started a war.,Entailment,intensionality
ANLI17013,Golfing<br>I have wanted to try golfing for many years . My husband loves to golf and so I constantly ask him. He has told me many times that he knows I will hate golf. I persisted in asking until one day he said he would take me. He was right I was bad and it was the most boring sport I ever tried.,my husband was correct about me being bad at golf,Entailment,intensionality
ANLI17157,"Last week, Venezuelan producer Alejandro Ghersi, aka Arca, issued his self-titled LP, his “most daring and enthralling record yet.” In support, today he’s let loose a music video for the track “Desafio”. Not unlike his past clips, including the chilling “Reverie”, it’s a strange and abstract watch that finds Ghersi being dragged through a forest by a group of men who appear to want to do him harm. At the helms is collaborator and all-around creative genius Jesse Kanda, who manages to give even the simplest scenes such palpable atmospherics. Check it out above.",Alejandro Ghersi is a mexican producer,Contradiction,intensionality
ANLI18104,"Early<br>Tina wanted to spend more time with her mom. So when her mom invited her to go out one morning, Tina agreed. They left at 9 AM and went to several garage sales. Tina had hated getting up so early. But she loved spending time with her mother!",they left at nine thirty AM.,Contradiction,intensionality
ANLI18288,"I thank the hon. member from the Conservative Party for bringing forward this motion so that at least there is some discussion in the House of Commons about what really is a most fundamental and important aspect of people's daily lives, the right to adequate, safe, affordable shelter and housing in Canada.",The Conservative Party in Canada wants to discuss affordable housing in the house of commons.,Entailment,intensionality
ANLI18448,The relocation has enabled the company to eliminate the use of cyanide and chrome in its plating work replacing it with a soaplike solution.,cyanide is not needed,Entailment,intensionality
ANLI18589,"Flying!<br>Lucy dreamed to fly over the ocean. She took a plane but couldn't feel the wind and was disappointed. She decided to go to the beach and try to do some parasailing. Five hundred feet above the ocean, she felt the wind. She was very happy and spread her arms very wide.",She flew over the river.,Contradiction,intensionality
ANLI18749,"When he approached Mr. Landry, did the Prime Minister tell him that this intervention in the field of education was raising hackles in Quebec and that everyone involved-students, the academic community and federalists and sovereignists alike-strongly opposed the federal government's intrusion into an area of provincial jurisdiction?",The narrator wants to know if Mr. Landry was given all the information,Entailment,intensionality
ANLI19280,"I hope the Minister of Human Resources Development and her officials will really take note of what I said, will follow up on the issue that I raised and will amend the employment insurance program, so as to meet the needs of workers and, above all, eliminate child poverty in this country.",I hope the Minister of Human Species Development and her officials will really take note of what I said,Contradiction,intensionality
ANLI19557,"How to sprint 100 meters<br>Train for the race. In order to get in shape to compete in the 100 m, you've got to do some general training beforehand. You need to improve your overall cardiovascular system and do a little endurance training.",Running the 100 meter sprint requires little endurance training,Contradiction,intensionality
ANLI19882,"Alan Metter is an American film director whose most notable credits include ""Back to School"" starring Rodney Dangerfield, and ""Girls Just Want to Have Fun"" with Sarah Jessica Parker. He also produced and directed the 1983 television special ""The Winds of Whoopie"" for Steve Martin.",Alan Metter has directed war films.,Neutral,intensionality
ANLI20103,"An official of Abyan police, where 16 Western tourists are being held since yesterday, announced that the hostages are held by the Yemeni ""Islamic Jihad"" group, which is demanding the release of its leader and lifting the embargo on Iraq.",The Islamic Jihad wants it's leader released and the embargo on Iran lifted.,Contradiction,intensionality
ANLI20207,"Anna the Photographer<br>Anna really wanted to be a photographer. She had an artistic eye and took decent photos. She knew she needed to improve her skills, though. Anna enrolled in a photography class. After saving up for a nice camera, she booked her first photo shoot.",anna interacts with people,Entailment,intensionality
ANLI20349,Tree<br>There was a tree we thought was dead. We tried getting estimates but it was expensive. But a big storm then rolled through. The high winds brought down the tree. Fortunately it didn't damage anything.,The tree fell over.,Entailment,intensionality
ANLI20368,"I am sure I speak on behalf of all hon. members in also congratulating the parliamentary secretary who has done such a fantastic job of piloting the bill through the House and in committee in the face of the filibuster put up almost exclusively by the Reform Party, which does not want to see labour legislation advance in parliament.",Labour legislation has advanced in the House.,Entailment,intensionality
ANLI20503,"Kevin Vincent, 44, of Arlington, Va., said his wife buys store brand acetaminophen and he wanted to find out more about the problem.","Kevin Vincent, 44, of Arlington, Va., said his wife buys aleve brand acetaminophen and he wanted to find out more about the problem",Contradiction,intensionality
ANLI20668,"RED VERSUS YELLOW In broad terms, Thailand's crisis is a battle between the ""yellow shirts"" -- royalists, the military and urban Thais, who back Prime Minister Abhisit Vejjajiva -- and the ""red shirts"" -- supporters of former premier Thaksin Shinawatra whose power base was mainly drawn from the country's millions of rural poor. Bureaucratic and military elites have run Thailand for decades, with the poor excluded except during elections when competing parties would try to buy their votes. When Thaksin swept to power in 2000, promising a raft of policies aimed at the poor, things changed.",The red shirts are supports of the rural and poor and support the Prime Minister.,Contradiction,intensionality
ANLI20887,Randy gets drunk<br>Randy wants to have a good time. He buys some beers. He drinks them all. He becomes drunk. Randy passes out from all the drinking.,Randy bought some vodka.,Contradiction,intensionality
ANLI20907,"Long-term Gambian leader Yahya Jammeh has finally stepped down as the president of the West African country, paving way for the internationally recognised president Adama Barrow to take over the reins. Read the rest of the story on Guardian News Added January 20, 2017 from Guardian News",The citizens did not want a new president,Neutral,intensionality
ANLI21197,"— Ahead of their Universal Championship Match at the Royal Rumble, Brock Lesnar and Braun Strowman will both be under the same roof tonight on Raw at the Amway Center in Orlando, Florida. Before Raw, Strowman took to Twitter to send a message to Lesnar and Paul Heyman. The Monsters back for the first episode of #Raw for 2019!!!! Heard @BrockLesnar is gonna be there. I've got a bone to pick with him and his Ratvocate @HeymanHustle 👊🏻👊🏻 — Braun Strowman (@BraunStrowman) January 7, 2019 Here are seven things you need to know before Raw.",Braun Strowman has a problem with Brock Lesnar.,Entailment,intensionality
ANLI21682,Mexican Food<br>Ethan loved his trip to Mexico. He tried lots of food. He came home and wanted more. He looked up those restaurants. He ate at one he liked.,Ethan ate italian food,Contradiction,intensionality
ANLI21856,How to manage 3 g usage on an android device with 3 g watchdog<br>Download 3 g watchdog and appdroid from the android market (preferably over wifi). Open 3 g watchdog. Define your data plan's quota and starting date.,Your data plan is decided by your phone carrier. ,Contradiction,intensionality
ANLI22364,"Let me see .<br>I think that 's all . ''<br>`` I think not , '' said the Carrier .<br>`` Try again . ''<br>`` Something for our Governor , eh ? ''<br>said Caleb after pondering a little while .<br>`` To be sure .<br>That 's what I came for ; but my head 's so running on them Arks and things !<br>He has n't been here , has he ? ''<br>`` Not he , '' returned the Carrier .<br>`` He 's too busy , courting . ''<br>`` He 's coming round , though , '' said Caleb ; `` for he told me to keep on the near side of the road going home , and it was ten to one he 'd take me up .",The Governor told Caleb to keep on the near side of the road going home.,Entailment,intensionality
ANLI23465,"""I Don't Know What It Is"" is a song written and performed by Canadian-American singer-songwriter Rufus Wainwright. It was the first single from Wainwright's third studio album ""Want One"" and was released in a slim-line jewel case format on July 26, 2004.","Rufus Wainwright's ""I Don't Know What It Is"" was released after his second album but before July 27, 2004.",Entailment,intensionality
ANLI23475,"In the 1950s, the United States FBI began to maintain a public list of the people it regarded as the Ten Most Wanted Fugitives. Following is a brief review of FBI people and events that place the 1950s decade in context, and then an historical list of individual fugitives whose names first appeared on the 10 Most Wanted list during the decade of the 1950s, under FBI Director J. Edgar Hoover.","In the 1950s, the United States FBI began to maintain a public list of the people it regarded as the Ten Most Wanted Villians",Contradiction,intensionality
ANLI23648,"How to hire a good boss<br>Define the job duties and qualifications. The first step to becoming a good boss in a particular role is having an excellent understanding of the job and what is needed to be successful. [substeps] Without significant experience, obvious mistakes will be made and the boss's judgment will be questioned by subordinates.",The second step to becoming a good boss in a particular role is having an excellent understanding of the job and what is needed to be successful,Contradiction,intensionality
ANLI23712,"How to send an anonymous text<br>Create a new e-mail account for yourself. You don't want to use your personal account since the sender will be able to view your personal information (name, e-mail address, etc. ).",An anonymous text does not reveal your name.,Entailment,intensionality
ANLI23742,"Mary Small (born September 12, 1954) is an American politician from Maine. A Republican, Small served in the Maine House of Representatives from 1979 to 1994 and the Maine Senate from 1994 to 2002. From 2000 to 2002, Senator Small served as the Republican Floor Leader. Small was unable to seek re-election in 2002 due to term-limits. Small represented Bath, Maine and Sagadahoc County.","Bath, Maine and Sagadahoc County were respresented by the Democratic Floor Leader, Mary Small.",Contradiction,intensionality
ANLI23772,Painting<br>Kate's mom was painting the living room. Her mom was eager and began talking about the paint. Kate didn't want to spend the day painting. Kate slunk off silently and went to her room as he mom kept talking. She closed her door and hoped her mom wouldn't come ask for help.,kates daughter is antisocial,Neutral,intensionality
ANLI23936,"Pamunuwa is a suburb of colombo city and near to Maharagama in Sri Lanka and is famous as a destination for clothing and textile. It is located within Western Province. From raw materials needed in textile industry to ready-made garments, Pamunuwa has been a center of attraction to people all over the country.",Pamunuwa isn't located within the Easter Province.,Entailment,intensionality
ANLI24296,How to feed orphaned newborn puppies<br>Buy necessary supplies. To feed a newborn puppy you will need a bottle made specially for feeding newborn puppies and milk replacement formula. The bottle and formula can both be purchased at most large pet supply stores or online.,Puppies contains three instances of the letter p.,Entailment,intensionality
ANLI24446,Baseball<br>Sammy wanted to learn how to play baseball. He signed up for his school baseball team. He practiced everyday for a month. Bill finally had his first game. He hit a homerun!,Sammy practiced baseball with diligence.,Entailment,intensionality
ANLI24501,"Swimming<br>When Steven was 7, he wanted to learn how to swim. He took lessons once a week for a few months. He realized he loved swimming so he joined a swim team. He constantly improved his skills over the years. Next week, he swims for the USA in the Olympics.",Steven's childhood hobby became a career,Entailment,intensionality
ANLI24828,"There's been too much finger pointing and too much name calling in Washington, D.C. I would like to unite this country to get an agenda done that will speak to the hopes and aspirations of the future. I want to have an education system that sets high standards, local control of schools and strong accountability.",The people in thegovernment are blaming each other and being hateful. ,Entailment,intensionality
Fever1105,"What a Girl Wants (Christina Aguilera song) . The single eventually earned gold certifications in countries including Australia , Belgium , Sweden and the US .",What a Girl Wants earned a silver certification in Belgium.,Contradiction,intensionality
Fever2044,"Anorexia nervosa , often referred to simply as anorexia , is an eating disorder characterized by a low weight , fear of gaining weight , a strong desire to be thin , and food restriction .",Anorexia nervosa is wrongly believed to be characterized by food restriction.,Contradiction,intensionality
Fever2351,"Tina Turner . Her solo success continued thoughout the 1980s and 90s with multi-platinum albums including Break Every Rule and Foreign Affair , and with singles such as `` We Do n't Need Another Hero ( Thunderdome ) '' , `` The Best '' , and `` GoldenEye '' for the 1995 James Bond film of the same name .",Tina Turner made a song for an Indiana Jones film.,Neutral,intensionality
Fever2918,"Wyatt Berry Stapp Earp ( March 19 , 1848 -- January 13 , 1929 ) was an American Old West gambler , a deputy sheriff in Pima County , and deputy town marshal in Tombstone , Arizona Territory , who took part in the gunfight at the O.K. Corral , during which lawmen killed three outlaw cowboys . In 1870 , Earp married his first wife , Urilla Sutherland Earp , who contracted typhoid fever and died shortly before their first child was to be born . Earp was a lifelong gambler and was always looking for a quick way to make money .",Wyatt Earp was a human.,Entailment,intensionality
Fever3754,"Tina Turner . Her solo success continued thoughout the 1980s and 90s with multi-platinum albums including Break Every Rule and Foreign Affair , and with singles such as `` We Do n't Need Another Hero ( Thunderdome ) '' , `` The Best '' , and `` GoldenEye '' for the 1995 James Bond film of the same name .",Tina Turner made a song for Golden Eye.,Entailment,intensionality
Fever4037,"Demi Lovato . She entered a treatment center in November 2010 to seek help for addictions , an eating disorder , and self-harm . She has also become an advocate for the LGBT community , and women 's rights .",Demi Lovato is an advocate for snacks.,Neutral,intensionality
Fever6042,"Khaled Mohamed Khaled ( born November 26 , 1975 ) , known professionally as DJ Khaled , is an American record producer , radio personality , DJ , record label executive , and author . He previously went by the name Arab Attack , but changed it after the 9/11 attacks , as he did not want to appear insensitive . September 11 attacks . were a series of four coordinated terrorist attacks by the Islamic terrorist group al-Qaeda on the United States on the morning of Tuesday , September 11 , 2001 .","DJ Khaled changed his name after September 11, 2008.",Contradiction,intensionality
Fever6407,"Barbara Bush . While First Lady of the United States , Barbara Bush worked to advance the cause of universal literacy , and founded the Barbara Bush Foundation for Family Literacy . The Barbara Bush Foundation for Family Literacy is a non-profit organisation , based in Florida , that seeks to improve literacy in the United States through programs directed towards preschool children and parental literacy .",Barbara Bush founded the Barbara Bush Foundation for Child Literacy.,Neutral,intensionality
Fever7431,"Randall Flagg . He has a variety of names , usually with the initial letters `` R. F. '' but with occasional exceptions , such as Walter o'Dim ( originally envisioned by King as a separate character ) in The Dark Tower series . Flagg first appeared in The Stand as a demonic figure who wreaks havoc after a plague kills most of the population . Flagg was a primary antagonist in King 's epic series , The Dark Tower , who tries to keep protagonist Roland Deschain from reaching the Tower ( the linchpin of existence ) so he can claim it for himself and become a god .",Randall Flagg has been featured in The Stand and Dark Tower.,Entailment,intensionality
Fever9171,"What a Girl Wants (Christina Aguilera song) . The single eventually earned gold certifications in countries including Australia , Belgium , Sweden and the US .",What a Girl Wants earned a gold certification in the U.S.,Neutral,intensionality
Fever10080,"Faith Ford . She is known for her roles as Corky Sherwood on the CBS sitcom Murphy Brown , for which she received five Primetime Emmy Award nominations , and as Hope Shanowski on the ABC sitcom Hope & Faith . Hope & Faith is an American television sitcom , starring Faith Ford and Kelly Ripa as Hope Shanowski and Faith Fairfield . Megan Fox . She began her acting career in 2001 , with several minor television and film roles , and played a regular role on the Hope & Faith television sitcom .",Megan Fox worked with Faith Ford.,Entailment,intensionality
Fever10624,"The Dark Knight (film) . In the film , Bruce Wayne/Batman ( Bale ) , James Gordon ( Oldman ) and Harvey Dent ( Eckhart ) form an alliance to dismantle organized crime in Gotham City , but are menaced by a criminal mastermind known as the Joker ( Ledger ) who seeks to undermine Batman 's influence and create chaos .",The Dark Knight takes place in Gotham City.,Neutral,intensionality
Fever14261,"Fight Club . He forms a `` fight club '' with soap maker Tyler Durden , played by Pitt , and they are joined by men who also want to fight recreationally .",Fight Club stars Brad Pitt.,Entailment,intensionality
Fever14645,"`` Everybody Needs a Best Friend '' is a song from the 2012 feature film Ted , with music composed by Walter Murphy and lyrics by Seth MacFarlane .",Everybody Needs a Best Friend is from a YouTube video.,Contradiction,intensionality
Fever14647,"Doctor Who . Accompanied by a number of companions , the Doctor combats a variety of foes , while working to save civilisations and help people in need . Doctor Who (series 10) . The series introduces Pearl Mackie as Bill Potts , the Doctor 's newest travelling companion , and also features Matt Lucas as Nardole , who appeared in the 2015 and 2016 Christmas specials .",Doctor Who travels alone,Neutral,intensionality
Fever17057,"Helen Hunt . Some of her other notable films include Twister ( 1996 ) , Cast Away ( 2000 ) , What Women Want ( 2000 ) , Pay It Forward ( 2000 ) , and The Sessions ( 2012 ) , the latter garnered her a second Academy Award nomination .",Helen Hunt was in 5 films where Helen Hunt ate a burger.,Neutral,intensionality
Fever18672,"Jeff Bezos ( [ ˈbeɪzoʊs ] born Jeffrey Preston Jorgensen ; January 12 , 1964 ) is an American technology and retail entrepreneur , investor , and philanthropist who is best known as the founder , chairman , and chief executive officer of Amazon.com , which is the world 's largest online shopping retailer . He is the founder and manufacturer of Blue Origin ( founded in 2000 ) with test flights to space which started in 2015 , and plans for commercial suborbital human spaceflight beginning in 2018 .",Jeff Bezos is the founder of Facebook.,Neutral,intensionality
Fever20657,"Tina Turner . Her solo success continued thoughout the 1980s and 90s with multi-platinum albums including Break Every Rule and Foreign Affair , and with singles such as `` We Do n't Need Another Hero ( Thunderdome ) '' , `` The Best '' , and `` GoldenEye '' for the 1995 James Bond film of the same name .",Tina Turner's album Break Every Rule went gold.,Contradiction,intensionality
Fever21960,"Doc Holliday . He set up practice in Atlanta , Georgia , but he was soon diagnosed with tuberculosis , the same disease that had claimed his mother when he was 15 , having acquired it while tending to her needs while she was still in the contagious phase of the illness .",Doc Holliday never set up practice in Atlanta.,Entailment,intensionality
Fever22791,Psychology . It is an academic discipline and a social science which seeks to understand individuals and groups by establishing general principles and researching specific cases .,Psychology is discipline within academia.,Entailment,intensionality
Fever23206,"Narendra Modi . He was the Chief Minister of Gujarat from 2001 to 2014 , and is the Member of Parliament for Varanasi . The RSS assigned him to the BJP in 1985 , and he held several positions within the party hierarchy until 2001 , rising to the rank of general secretary . Modi was appointed Chief Minister of Gujarat in 2001 , due to Keshubhai Patel 's failing health and poor public image following the earthquake in Bhuj . Modi himself was elected to parliament from Varanasi . Since taking office , Modi 's administration has tried to raise foreign direct investment in the Indian economy , increased spending on infrastructure , and reduced spending on healthcare and social welfare programmes .",Narendra Modi is an Indian politician.,Entailment,intensionality
Fever24340,"Doctor Who . Accompanied by a number of companions , the Doctor combats a variety of foes , while working to save civilisations and help people in need . The Doctor (Doctor Who) . Since the show 's inception in 1963 , the character has been portrayed by twelve lead actors .",Doctor Who has been played by multiple performers,Entailment,intensionality
LING418,(It is this same vision that Kaplan so admires.),Kaplan wants to see his vision through.,Neutral,intensionality
LING454,"OK, fine--simply provide me with quarterly reports on the yield of the fund and the value of my share in it.",He was given a report with what he wanted being shown annually.,Contradiction,intensionality
LING599,An ecological theory of the kosher laws suggests that they're meant to proscribe animals who'd compete with us for the foods we need.,These Kosher laws have allowed protected animals to thrive.,Neutral,intensionality
LING719,"But any hope that Democrats can capitalize on Starr's non-North performance dissolves immediately after lunch, when Democratic committee counsel Abbe Lowell questions Starr.",Abbe Lowell plans to attempt capitalization on Starr's questioning.,Neutral,intensionality
LING971,What the press can do is cover leaking more aggressively.,The press needs to be restructured to get rid of any leaking,Neutral,intensionality
LING1120,"Klayman, who presents a coherent faaade while making wild and unsubstantiated charges, is perfect.",Klayman wants others to believe he's coherent.,Entailment,intensionality
LING1151,By abandoning macroeconomics the profession not only leaves the world without guidance it desperately needs,The world will run with good guidance with macroeconomics.,Neutral,intensionality
LING1157,"I think there's a piece there, Joyce.",Joyce can't find the piece she's looking for.,Entailment,intensionality
LING1660,"No, it's something more amorphous, like, Who do you want to hear it from the next time a plane crashes or a world leader is assassinated?",The author made the question vague on purpose.,Neutral,intensionality
LING1670,"AS PART OF HER DYING WISH, SHE WANTED TO START A CHAIN LETTER TO INFORM PEOPLE",The woman does not have a dying wish.,Contradiction,intensionality
LING1720,"The brand that we now think of as irresistible seemed tired and used up, and this now seamlessly efficient company lacked even a formal business model before 1983.","Despite some high hopes in its promising start, the brand has been on a steady decline.",Contradiction,intensionality
LING1776,"And, basset people, like me, want dogs that have the good sense not to do any of those things.",All basset hounds have good sense.,Neutral,intensionality
LING1850,"'Cause, like, I want a Miata.",I like all Mazda cars.,Neutral,intensionality
LING1977,Where they'll go is wherever as many people as possible will hear them.,They need to be listened to.,Neutral,intensionality
LING1999,And the name of that guy?,They needed to know the name of the man.,Neutral,intensionality
LING2021,( explains what Greenspan really said.),Greenspan's statement needed restatement.,Entailment,intensionality
LING2037,"As for me, I wrote my book about Reagan because I'd like to see him get at least some of the recognition he deserves during his lifetime.",The author wanted Reagan to receive criticism,Contradiction,intensionality
LING2078,A woman of my acquaintance recently announced that she has a boyfriend and wants everyone to introduce the fellow by that title.,The woman is single.,Contradiction,intensionality
LING2441,"Not to imply that the Katz would threaten murder to get published in the Washington Post : To the best of my knowledge, he hasn't maimed or killed anyone except the characters in his Suburban Detective Mystery series-- Death by Station Wagon , The Last Housewife , The Father's Club , and The Family Stalker . But, like the Unabomber, Katz is driven frothy by a world that won't conform to his expectations.",Katz desperately wants to be published by the Washington Post.,Neutral,intensionality
LING2567,"The only real test that this company has faced in recent memory is due to the emergence of the Internet, and Microsoft is once again trying to eliminate this threat unfairly.","Microsoft is a powerful player in their market, with the ability to neutralize problems.",Entailment,intensionality
LING2576,Ohio Democrats want Jerry Springer to run for Congress.,Springer is not popular.,Contradiction,intensionality
LING2599,A woman of my acquaintance recently announced that she has a boyfriend and wants everyone to introduce the fellow by that title.,Everyone ought to mind their own business regarding her love life.,Neutral,intensionality
LING2614,"In one famous case, Inglis helped kill federal funding for a needed highway, requiring the state to build a toll road instead.",Inglis built a long trait of highway,Contradiction,intensionality
LING2657,The pressure of these appeals for gifts has become too great for endurance.,There are still those that want to give gifts.,Neutral,intensionality
LING2685,American soldiers gave her a drink and poured water over her.,The soldiers wanted to help her,Neutral,intensionality
LING2697,McCain's media cheering section neglects its favorite candidate's lack of coherence on tax and health-care policy.,McCain wants to increase taxes for everyone.,Neutral,intensionality
LING2730,"Her protagonist (Natasha Lyonne) spends her teen-age years being shuttled with her two brothers from one cheap dive to another in the 90210 ZIP code, all because her egregiously unsuccessful father (Alan Arkin) wants them to be educated in the best schools.",The protagonist and her brothers grow up in Japan.,Contradiction,intensionality
LING3129,As one agent  A parolee of mine is OK and is looking for a job.,The parolee has always followed the law,Contradiction,intensionality
LING3170,Jesse Ventura to obstruct Pat Buchanan's run for the Reform Party nomination.,Jesse Ventura does not want Pat to win the nomination.,Entailment,intensionality
LING3260,"Also, while PointCast packages news and information as your screensaver, SlateCast TM will package acute witticisms about the news directly onto your voice-mail answering message--in your own voice--thereby completely eliminating the need to develop or even to express your own opinions.",The new technology throws breaking stories into a newspaper.,Contradiction,intensionality
LING3347,This is a drop in the bucket.,"It is a small amount, compared to what's needed.",Entailment,intensionality
LING3374,He is troubled over whether to accept donations from the professional kirkbuzzers'* guild.,The kirkbuzzers'* guild needs money from him,Contradiction,intensionality
LING3570,Nor has the fun we all had sneering at England's squandering its North Sea oil windfall in the '70s and '80s kept the Republican Party from proposing to give away the budget surplus to their rich constituents.,Republicans often seek to give back to their poor constituents when there is a budget deficit.,Contradiction,intensionality
LING3614,PointCast responded with a piece of software for companies' central computers designed to minimize its own impact.,PointCast is trying to make it's first software product as a firm.,Contradiction,intensionality
LING3782,"Bettelheim believed grandiosely in being a guide, but he had fundamentally humble guidance to  that in the end, as in the beginning (one of his favorite phrases), one can hope to grow only by endeavoring to be one's own guide.",Bettelheim focused on the importance of being a guide,Entailment,intensionality
LING3900,Critics are as frantic about saving their novel these days as they were about killing it 40 years ago.,Critics who are frantic about saving the novel today wanted to kill it 40 years ago.,Neutral,intensionality
LING3934,"My own admittedly romantic preference is to see his career as a quest for inspiration, and to say Pollock sought it long, found it briefly, and couldn't live without it.",Pollock's career was short,Entailment,intensionality
LING3940,"Third, the woman serves the man's need to be needed.",Woman serves the man's need for speed,Contradiction,intensionality
LING4482,"European national leaders know they've got to tackle their deficits, but none of them wants the heat for cutting featherbedding or generous social-payment systems.",Cutting social payment systems generates heat for national leaders.,Neutral,intensionality
LING4484,"Naturally, European governments want to tax call-back services out of existence.",European governments put large taxes on call-back services.,Entailment,intensionality
LING4619,Among the Frequently Asked Questions FEMA posts on its Web site is the  I think that some people in my neighborhood are trying to cheat the federal government out of disaster money.,The federal government knows that disaster money is well sought after.,Entailment,intensionality
LING4882,That I don't want it to end.,I am completely happy with how it is going,Neutral,intensionality
LING4957,But the solution is not to give up on special prosecutors.,Some want to give up on special prosecutors.,Neutral,intensionality
MNLI568,one that i can't find anymore which is Gabriel's Fire,I want to find Gabriel's Fire; it is my favourite. ,Neutral,intensionality
MNLI1120,"Recognizing this guidance would not affect the 1997 CSR data, which had already been submitted by the grantees, but wanting to improve the accuracy of future CSR data, LSC sought to heighten the awareness of grantees to the CSR requirements and to focus their attention on potential problem areas.",The LSC had doubts about the effectiveness of the guidance proposed.,Neutral,intensionality
MNLI1991,Do you always carry it him with you? inquired Tommy with burning curiosity.,Tommy really wanted to know. ,Entailment,intensionality
MNLI2126,"This review will examine the rationale for intervening, types of interventions and interveners, and barriers and concerns that need to be addressed.",This review will attempt to disprove the reason for intervening.,Contradiction,intensionality
MNLI2128,"This is necessary to ensure a consensus on identified problems and needs, and to be sure that the solutions our government legislates and implements can effectively remedy the problems we face in a timely manner.",It is impossible to know if the legislation is effective.,Neutral,intensionality
MNLI2301,"A row of shining new cans tempted him with labels and optimism: fruit a la mango, exotic fruit with bacon, fruity mushroom, vegetable-carrot cellulose, natural flavor of home made yogurt, eccentric raspberry flavored orange and many others.",Looking at what the cans contained made him want to vomit.,Contradiction,intensionality
MNLI2441,In spite of herself she was nervous.,She was nervous even though she didn't want to be. ,Entailment,intensionality
MNLI2496,but um i i had a dog for a while before i had my son and i grew up we grew up having dogs and i'd like to have a dog but,My son really wants to have a dog.  ,Neutral,intensionality
MNLI2727,The multiple sites usually required for program implementation questions impose demands on training and supervision needed for quality control.,Demands on training and supervision are increased with multiple sites.,Entailment,intensionality
MNLI2869,He had hoped to spend the next three months in Fena Set avoiding the fall torrent.,"While he liked his environment generally, he wanted to leave shortly to avoid the autumn torrents.",Neutral,intensionality
MNLI3259,"Spock relied on his own resilience, not science, to update his expertise for an era of feminism and family disarray.",Spock tried to cheat on his wife.,Contradiction,intensionality
MNLI3308,9. INVERSE PRICE CAPS,The price needed to be capped. ,Neutral,intensionality
MNLI3817,oh yeah that's the other thing with my husband he gets he he's one of these people he didn't care about the flower beds and stuff we i guess we divide it pretty well that way but he he gets real picky about the grass he wants to get out there and he cuts it on diagonal,"My husband is happy to let me take care of the flowers, while he maintains the lawn just the way he likes it.",Neutral,intensionality
MNLI3855,you have to do a little research try to find everybody  i guess it's a little easier with a family reunion and they you know and they they're really organized you know they setup they they get the hall and they and they uh,They've really made a mess of our family reunion.,Contradiction,intensionality
MNLI4459,"These last musings raise in my mind another question, a long way from the cute 18-inch dish on my deck.","I wanted to buy a house with a deck, but I decided to get one without. ",Contradiction,intensionality
MNLI4585,Now the party is trying to prevent him from jumping ship.,The Party wants him to leave ASAP.,Contradiction,intensionality
MNLI5328,"You've already eaten today, you don't need to go risking anything on another meal... By the time I completed that thought I was already in the street, hood pulled over my head, hunched and skulking toward a snack stand.",I decided I didn't need to eat.,Contradiction,intensionality
MNLI5872,"Is she going? asked the Kal, nodding towards Vrenna.",Vrenna wants to know if the Kal is going. ,Contradiction,intensionality
MNLI5922,"They wanted to signal the agents that there is plenty of damning evidence of an affair, so that the agents would know not to lie to protect Clinton.",There were no agents who were willing to lie for Clinton in any case.,Neutral,intensionality
MNLI6193,"Starr's office said of Lewinsky, We've blown the opportunity to wire her.",We wanted to wire Lewinsky.,Neutral,intensionality
MNLI6294,"When functional needs conflicted with Advocate Office needs, there was no assurance that advocate needs would be met.",Functional and advocate needs are always in sync.,Contradiction,intensionality
MNLI6510,"But Shannon still stood in the doorway, and short of walking straight into him there was no way for Drew to leave.",Drew didn't want to run Shannon down. ,Neutral,intensionality
MNLI6873,you have to do a little research try to find everybody  i guess it's a little easier with a family reunion and they you know and they they're really organized you know they setup they they get the hall and they and they uh,They really make the family reunion process easy.,Entailment,intensionality
MNLI7089,no it's oh uh i want to see it,I hope I see it someday.,Entailment,intensionality
MNLI7195,That was back when the Bushes were still trying to woo me over from the Dark Side.,"During this time, the Bushes didn't want anything to do with me.",Contradiction,intensionality
MNLI7312,"In addition to core values, we all need to keep certain timeless principles in mind at al times.",We need to remember some ideas..,Contradiction,intensionality
MNLI8139,"The Astronomer said, quickly, ""You are going to ask why creatures who have mastered space travel, and therefore atomic power, would want coal and oil.",The astronomer was baffled by the question of why people would want coal and oil even though they have been to space and asked for reasons for the confusion.,Neutral,intensionality
MNLI8218,"Through successful working relationships between GAO and the IGs, agencies have consistently met the CFO requirements.",The GAO and IGs need to have solid relationships.,Neutral,intensionality
MNLI8429,"I owe you something for the relentless way you've squashed me whenever I've tried to be sentimental."" Tuppence raised her face to his.",Thank you for your persistence in reminding me whenever I have tried to be emotional.,Neutral,intensionality
MNLI8440,(We have no children.),We want kids.,Neutral,intensionality
MNLI8696,"Visually we wanted to create a little bit of hope, a transition to the rest of the spot and the HRC logo, which picks up and repeats the color.",We had the desire to create a bit of hope through the HRC logo.,Entailment,intensionality
MNLI9209,and i did that and the driveway the following spring which uh i needed a break from the work and i i needed a break to get a little more money ahead stuff like that so i waited,I completely paved my driveway the following spring.,Neutral,intensionality
MNLI9305,"Domestic violence survivors in Jackson, Vicksburg, Hattiesburg, Oxford and Pascagoula can all get help.",Jackson needs help ,Neutral,intensionality
MNLI9588,"By the beginning of the 19th century, the New Town had become so popular that plans were made for a second stage.",The second stage was planned at the end of the 17th century.,Contradiction,intensionality
MNLI9797,I was violently excited. ,I needed to leave. ,Neutral,intensionality
MNLI9866,whatever i i don't want to make i read it somewhere though it's not my point i guess,The magazine article is where I read it.,Neutral,intensionality
MNLI10502,"To be sure, George Gilder needs no excuse to write block-that-metaphor prose like  [Java] opens doors and shatters Windows.",Gilder doesn't need any excuse to write technical writing.,Neutral,intensionality
MNLI10515,"Top leadership involvement and clear lines of accountability for making management improvements are critical to overcoming an organization's natural resistance to change, marshalling the resources needed to improve management, and building and maintaining organization-wide commitment to new ways of doing business.",Good leaders can help an organization overcome its resistance to change.,Neutral,intensionality
MNLI10721,"It's accurate to within about five minutes and has the advantage of needing no winding, though it does stop on cloudy days.",It needs to be wound constantly and is accurate to within five minutes.,Contradiction,intensionality
MNLI11057,There's no arguing that a democracy needs representatives and voters who can think for themselves.,They knew the power of being informed.,Neutral,intensionality
MNLI11930,so we kind of looked for where where the uh his office would be located and how far well he's uh you know he's at the one that's at um,It was difficult to find where his office is.,Neutral,intensionality
MNLI12088,"I think he wants me to be.""",I think I want to be him.,Contradiction,intensionality
MNLI12256,"Give him time.""",He needs the time.,Neutral,intensionality
MNLI12744,We have been warned at the apartment building where I live not to disturb the desk clerk by asking for mail before 11:00 a.m.,The residents wanted to get their mail at 8:00 a.m.,Neutral,intensionality
MNLI12940,"Nehru's Congress Party, largely Hindu with a socialist leadership, wanted a parliamentary democracy.","Because they were Hindu, Nehru's Congress Party was lead by socialists.",Neutral,intensionality
MNLI13529,"They don't want to part with you, I'm sure."" Cynthia hesitated a moment, plucking up the grass with her tiny hands. ","Cynthia was allergic to the grass, and wouldn't touch it.",Contradiction,intensionality
MNLI13808,Bombing the crap out of Third World countries and aspirin factories when you need a quick pick-me-up at the polls.,Bombing countries tanks your approval rating.,Contradiction,intensionality
MNLI13849,"Fridlund-Horne cautioned particularly against trying too hard to disprove the opposition, instead of presenting positive evidence to prove one's own case.",Fridlund-Hume warned against trying too hard to seem right.,Entailment,intensionality
MNLI13916,so we i i know that and i've been to Israel and i know and i sort of toured the area and i know that it really is very lots of different cultures in one place i mean and and it's the same thing i it's it's almost the same thing out out in the Soviet Union right now there you know there are,"In the Soviet Union, there are a lot of different cultures trying to make it work in one country.",Neutral,intensionality
MNLI14435,well i haven't uh i've been working in my own home for just um about the last three years but so i can just wear whatever i want around the house but before then i taught taught at the University of Houston and um,I'm not able to wear whatever I want while working from home unfortunately.,Contradiction,intensionality
MNLI14495,You quit and I'll see you never get another job.,I want you to be free to make the choices you desire.,Contradiction,intensionality
MNLI15156," In the old town of steep, cobbled streets, curious dead ends, and unexpected vistas, a map isn't really necessary.","You do need to keep track of the major cobbled streets, though.",Neutral,intensionality
MNLI15193,i yeah the only thing that i pretty much know about is the Central American policy where you know they're just trying to you know military action in Panama is the only thing that comes to my mind right now and then,I know Panama takes drugs very seriously.,Neutral,intensionality
MNLI15784,The piece includes a handy quiz for couples who want to diagnose their viability.,The included quiz can be used to diagnose medical issues.,Contradiction,intensionality
MNLI15791,got to be got to be part of the action here,want to be involved in the excitement,Entailment,intensionality
MNLI15797,"Mr. Chairman, for GAO to continue maintaining the strength of its mission, we are committed to find new ways to streamline our operations while building on our responsiveness and flexibility.",The chairman wants to maintain the strength of the mission.,Entailment,intensionality
MNLI15999,"There is one more search for meaning, and it takes Berman across the ocean.",Berman sails across the ocean on a spiritual voyage.,Entailment,intensionality
MNLI16853,what'd she say,I want to tell her not to say that.,Neutral,intensionality
MNLI17222,and i find you know i think okay i want Emily to be this way and this is what i'm going to do to make her be that way and then i think no you can't do that,I'm going to force Emily into being the way I want her,Contradiction,intensionality
MNLI17544,"Equality vs.  In the 1970s, pro-choicers attached the abortion issue to the emerging feminist movement.",Pro-choicers in the 70s did not want to associate with the emerging feminist movement.,Contradiction,intensionality
MNLI17682,"He has no method!"" 97 ""Hullo!"" I said, looking out of the window. ",It is clear that he does not need to use a method to be successful.,Neutral,intensionality
MNLI18002,"With binoculars, you can spot up on the third tier of arches (third from the right), the heads of Risorgimento heroes Gari?­baldi and Cavour.",You need binoculars to get a good look at the third tier of arches.,Entailment,intensionality
MNLI18086,You wish to believe he committed the crime. ,You just wish he committed that crime?,Entailment,intensionality
MNLI18141,"I do not want to sell food to those who cannot understand how good food, any food, can taste, he said.","""I do not wish to sell food to those incapable of appreciate its true, pleasing nature,"" he replied.",Neutral,intensionality
MNLI18432,"Rebuilt without any comprehensive urban plan, Tokyo remains a city of subcenters and neighborhoods, even villages, each with its own distinct personality.",Tokyo's reconstruction was poorly planned.,Neutral,intensionality
MNLI18694,because it's right by their entryway and they they wanted roses so  that's what i planted,They wanted me to plant the roses by their entryway.,Neutral,intensionality
MNLI18808,The second website function supports volunteers who are uncomfortable in a new area of law and need guidance and direction.,The first website function redirects you to the home page.,Neutral,intensionality
MNLI19693,Ryerson : Tougher laws are needed to protect our environment?,Ryerson thinks that tougher laws are needed for environmental protection,Neutral,intensionality
MNLI20918,Taylor proposes that teen-agers on welfare be paid to use an implanted device to prevent pregnancy.,He wanted teens in poverty to use measures to prevent them from barring children.,Entailment,intensionality
MNLI21155,okay we're energized um painting interesting uh the guy called me when she called me the computer called me i thought that they were reading my mind i'm in the middle of um going out for bids to have my house painted,I'm in the middle of bids because I want my house painted.,Entailment,intensionality
MNLI21338,and they just enjoyed the income the extra,They needed an extra income,Contradiction,intensionality
MNLI21775,Afraid I don't.,I do what I want.,Neutral,intensionality
MNLI22114,hello not bad not bad What's your name,"I know your name is Antonio, no need to repeat yourself.",Contradiction,intensionality
MNLI22212,"Donovan Olson, chairman of the county Board of Supervisors, said the board quit funding the legal service in July because it felt the county didn't need it.",Donovan Olson was appointed chairman of the county Board of Supervisors last December. ,Neutral,intensionality
MNLI22749,I yearn for a real Mr. Brown of flesh and blood.,I wish to see the actual Mr. Brown.,Entailment,intensionality
MNLI23008,So look for warmer weather ahead.,The temperatures will be dropping.,Contradiction,intensionality
MNLI23143,"I know that Fieldstone is interested in finding a workable resolution, said Adam Bass, a lawyer for the company, adding that he can't comment on the details of the Ledford loan.",Fieldstone wants to find a workable resolution for the foreclosure problem.,Neutral,intensionality
MNLI23190,and then some of them you know like the kitchen and the bathrooms we uh we had put paper up,We needed to redecorate multiple rooms in the house.,Entailment,intensionality
MNLI24108,just hasn't used PCs that much so i ended up taking on the load of making sure everybody knows what they're doing and i'm the administrator for our local area network and i need to keep that going and,I have more experience with PCs so I took on the brunt of the load.,Entailment,intensionality
MNLI24233,"OK, problem solved, the husband announced, and then added, 'if you want to sit in the Orshe for a while, here are the keys.'",The husband gave her the keys to park the Orshe.,Contradiction,intensionality
MNLI24368,but i've got a class tonight so i wanted to get these out of the way,I can put off these tasks until after class.,Contradiction,intensionality
MNLI24494,"NOx reduction caps for the East and West will also be set to accommodate these different needs, and separate East and West trading regions will be created.",North and south trading regions will not be created.,Neutral,intensionality
MNLI24713,"The renovated Maxim Hotel offers good-quality, comfortable facilities, including several reasonably-priced suites, which are handy for families.",The Maxim Hotel needs to be renovated.,Contradiction,intensionality
WANLI7,"The leaders of the Organization of the Petroleum Exporting Countries, or OPEC, are expected to discuss the economic slowdown in the United States and the need for more oil production in their meeting in Vienna.",OPEC is worried about the economy.,Neutral,intensionality
WANLI157,We can't go on like this. The Senate needs to get moving on this bill.,The Senate will never get moving on this bill.,Neutral,intensionality
WANLI261,The administration's goal is to encourage the development of new and innovative products and services that meet the needs of consumers.,The administration's goal is to create new products and services that meet the needs of consumers.,Contradiction,intensionality
WANLI545,They say they want to make the case for the importance of the war on terror.,They want to make the case for the importance of the war on terror.,Neutral,intensionality
WANLI706,"The thing is, I don't know how I can pick one or the other as maid of honor.",I don't even want a maid of honor.,Neutral,intensionality
WANLI712,"""We don't need to worry about the economic consequences of this war,"" he said. ""We're already seeing them.""",The economic consequences of this war are enormous.,Neutral,intensionality
WANLI804,"In the end, she chose to stay in her country, not because she was happy there, but because she was afraid to go to America.","She didn't want to go to America, but she was afraid to stay in her country.",Neutral,intensionality
WANLI860,This is a typical question in the business world. What do you do when you don't know what to do?,You try to figure out what to do.,Neutral,intensionality
WANLI1097,"And it's a little ironic that, as they say, it's hard to put a price on freedom.",The price of freedom is the freedom to do what you want.,Contradiction,intensionality
WANLI1227,I have the authority to do whatever I want.,You can do anything you want.,Neutral,intensionality
WANLI1900,"He said, ""I'll go and get it.""",He wanted to get the information.,Neutral,intensionality
WANLI2327,I think it is a good idea to try to get the school board to help us by writing a letter to the editor of the newspaper.,It is a good idea to get the school board to help us.,Neutral,intensionality
WANLI2588,The  reporter  wanted to know what the  conversation  was about.,The conversation was about the subject of the reporter's interest.,Neutral,intensionality
WANLI2765,The subject of the novel is a young woman who is forced to take a job as a domestic servant in a household where she is not wanted.,The novel is about a woman who is not wanted in her own home.,Contradiction,intensionality
WANLI2927,"They want to expand the school's facilities to include a swimming pool, gymnasium, and auditorium.",The school is building a new auditorium.,Neutral,intensionality
WANLI2990,The most common reason for not reporting a crime is that the victim does not want to report the crime.,The victim does not want to report the crime.,Neutral,intensionality
WANLI2998,The document called for the creation of a national health care system before the year 2000.,The government wants to make a system for health care.,Neutral,intensionality
WANLI3010,Do we need to be very careful about giving our children drugs?,Do we know how to give our children drugs?,Neutral,intensionality
WANLI3038,The sky was the limit for the ambitious of mind and body.,They had the opportunity to do anything they wanted.,Entailment,intensionality
WANLI3134,The need for pro bono representation is a great opportunity for lawyers.,Lawyers have a great opportunity to help the poor.,Entailment,intensionality
WANLI3204,"The policy in the Federal Energy Policy Act of 1992 (P.L. 102-486) requires the Secretary of Energy to encourage the development of renewable energy resources, and to promote the use of such resources to meet the Nation's energy needs.",The Federal Energy Policy Act of 1992 was repealed in 2005.,Neutral,intensionality
WANLI3434,"I want to be able to walk into a room and say, ""I am here.""",You are here.,Neutral,intensionality
WANLI3548,A number of contract stations also exist for retail services.,Retail services need contracts.,Neutral,intensionality
WANLI3656,"""My mom always said I was going to be a lawyer,"" said Nolte.",Nolte said he never wanted to be a lawyer.,Neutral,intensionality
WANLI4251,"He also wanted to put a ""for sale"" sign on the entire state.",The state is for sale.,Neutral,intensionality
WANLI4303,"The nature of the disagreement between scientists and policy makers is that scientists want to be free to pursue their research, while policy makers want to know what the scientists are doing.",Scientists want to know what policy makers are doing.,Neutral,intensionality
WANLI5017,This makes it easier for them to develop an understanding of the various relationships that exist among the stakeholders and the needs of the various stakeholders.,Stakeholders can be involved in the planning process.,Neutral,intensionality
WANLI5073,"It was said that the change in her mood was due to the influence of her friends, who urged her to seek help.",The change in her mood was due to her friends.,Neutral,intensionality
WANLI5118,There is a significant amount of agreement among the political parties on the need for a single-payer health care system.,There is a significant amount of disagreement among the political parties on the need for a single-payer health care system.,Neutral,intensionality
WANLI5325,I want to say that you have a real problem.,You have a real problem.,Neutral,intensionality
WANLI5429,Search for those with only one zero.,Play a wheel that has 0 and 00 on it.,Neutral,intensionality
WANLI5490,You don't need to know what I did.,I can't tell you what I did.,Neutral,intensionality
WANLI5649,I don't know what the woman wants.,The woman doesn't know what she wants.,Neutral,intensionality
WANLI6056,He always has to have the last word.,He always wants to be right.,Neutral,intensionality
WANLI6772,"The new program has not been evaluated, but the need for it is evident.",The new program is needed to solve the problem.,Neutral,intensionality
WANLI6900,Do you want to go?,Do you want to stay?,Contradiction,intensionality
WANLI6954,He claimed that the only way to make the laws work is to give the police the power to act.,Police power is needed to make the laws work.,Neutral,intensionality
WANLI7052,There is no doubt that the present government has failed to meet the expectations of the people.,The government has not done what the people wanted.,Neutral,intensionality
WANLI7096,The plan is to create a kind of magnet for people who want to come to the area.,The area will be attracting people who want to come to it.,Neutral,intensionality
WANLI7142,"""Why do you want to know?""  ""Because I think I'm going to be rich.""  ""Rich?""  ""Yes, rich. I've got a feeling about it.""  ""You're not rich.""  ""Well, I'm not exactly poor, either.""  ""No, you're not.""  ""Well, I'm not.""  ""You're not.""  ""I'm not.""  ""You're not.""  ""I'm not.""",He's trying to be rich.,Neutral,intensionality
WANLI7218,"He, however, said that he had no intention of ""trying to start a war.""",He was not going to start a war.,Neutral,intensionality
WANLI7287,"""He's a lot like me,"" said Dr. Livingston. ""He's a perfectionist. He wants everything to be perfect.""",Dr. Livingston did not like him.,Neutral,intensionality
WANLI7339,It is my opinion that there is no need for a new initiative.,There is a need for a new initiative.,Neutral,intensionality
WANLI7506,It is not enough to know the names of the players.,You need to know the players' names.,Neutral,intensionality
WANLI7522,A number of these problems can be traced to the difficulty of getting a good education.,The people need to get a good education.,Neutral,intensionality
WANLI7874,We also see the importance of applying the same analysis to the costs of other components of the total system.,We need to consider the costs of other components of the system.,Neutral,intensionality
WANLI7900,He can make up his own mind about what he wants to do.,He has made up his mind about what he wants to do.,Neutral,intensionality
WANLI7977,The government needs to do something about the war.,The government needs to do something about the economy.,Neutral,intensionality
WANLI8398,His strong sense of his own moral superiority led him to try to impose his views on others.,He is a very moral person.,Neutral,intensionality
WANLI8459,I want to be in charge of the finances.,I want to be in charge of the operations.,Neutral,intensionality
WANLI8552,The US government's policy on the Internet is to allow for the free flow of information.,The US government wants to allow information to flow freely.,Neutral,intensionality
WANLI8575,A permit is required to go on the river.,You do not need a permit to go on the lake.,Neutral,intensionality
WANLI8682,"For a comprehensive review of the literature on the topic, see the book by Sexton and Kennedy.",There is a need for a comprehensive review of the literature on the topic.,Neutral,intensionality
WANLI9011,"'If you want to go, you can.'",I don't want to go.,Neutral,intensionality
WANLI9202,The committee members agreed that the U.S. needs to increase its exports of natural gas and liquefied natural gas (LNG) to increase its energy security and diversify its energy supply.,Diversifying energy supply is important for energy security.,Neutral,intensionality
WANLI9324,"""You're a lucky man, John,"" said Miss Paget, ""to have a wife like that.""",Miss Paget wanted to say that John was lucky.,Neutral,intensionality
WANLI9500,"""We are in a position to do what we want to do,"" said the head of the local school board.",The head of the local school board is in a position to do what he wants to do.,Neutral,intensionality
WANLI9611,"She said, ""We're going to have to talk about this.""",There needs to be a discussion.,Neutral,intensionality
WANLI9669,The Dothraki want to invade Westeros.,The Dothraki want to invade the city of Qarth.,Neutral,intensionality
WANLI9725,I am not sure what to do about it.,There is something that needs to be done about it.,Neutral,intensionality
WANLI9789,"For the new team, I am looking for a new style of play. I want to see a lot of energy, a lot of passion, a lot of desire to win, and a lot of commitment to the cause. I want to see the fans and the players really committed to what we are trying to do.",The new team is committed to what the coach is trying to do.,Neutral,intensionality
WANLI10448,"In a more relaxed mood, I would have been more open with her, but I didn't want to make her feel uncomfortable.",I was more open with her when I was not as nervous.,Neutral,intensionality
WANLI10809,They are also an essential tool for facilitating organizational change.,Change is needed in the organization.,Neutral,intensionality
WANLI10981,The need for a reliable test is not just a problem for the test itself.,The test is not reliable.,Neutral,intensionality
ANLI1679,"He could not force himself to talk civilly to the stranger , with that newly born demon of distrust gnawing at his heart .<br>`` I think I 'll go out , '' he said .<br>`` It 's freshening up .<br>I should n't wonder if the mackerel schooled soon . ''<br>`` I 'll go , too , then , '' said Mr. Murray .<br>`` Hi , up there !<br>Leon and Pete !<br>Hi , I say ! ''<br>Two more French Canadians came running down from the Murray fish-house , where they had been enjoying a siesta .",wo more French Canadians came crawling down from the Murray fish-house,Contradiction,modality
ANLI2185,"How to kiss your girlfriend in public<br>Ensure your girlfriend is comfortable with kissing in public. Just like any sexual encounter, kissing in public requires both of you to consent to the act. In particular, many people have different views on whether or not you should show affection in public.",Kissing in public requires consent of a parental figure.,Contradiction,modality
ANLI2298,"Andrea von Habsburg (""Andrea Maria von Habsburg-Lothringen"") Archduchess of Austria, Hereditary Countess of Neipperg, (born 30 May 1953, in Würzburg, Bavaria), is the first child and oldest daughter of Otto von Habsburg and his wife Princess Regina of Saxe-Meiningen.",Andrea von Habsburg is the oldest kid in her family.,Entailment,modality
ANLI3860,The National Park Trust identified 20 high-priority sites - including the Blue Ridge Parkway in North Carolina and Virginia and Everglades National Park in Florida - as areas with private property that could be sold.,The National park Trust has put up land in over 20 high-priority sites for sale.,Neutral,modality
ANLI4458,How to make a bug terrarium<br>Get a glass or plastic container. Plastic bug containers can be bought at pet supply stores. They come with lids that have air holes and a handle for easy transportation.,Terrariums must be made from plastic or glass,Neutral,modality
ANLI4872,How to stop erosion on a river bank<br>Use coir netting that's 700-900 grams per square meter (gsm). Coir netting is made from coconut fibers and is biodegradable. Normal or heavy duty netting should be used when there is a large amount of water flow.,The material made to stop erosion on a river bank is not biodegadable,Contradiction,modality
ANLI5079,"Donald ""The Great Santini"" Conroy (April 4, 1921 – May 9, 1998) was a United States Marine Corps colonel and a member of the famed Black Sheep Squadron during the Korean War. He was also a veteran of World War II and of two tours of duty in Vietnam. He is best known for being the inspiration for the character LtCol. ""Bull"" Meecham in ""The Great Santini"" which was written by his son Pat Conroy.",Donald Conroy died at 67 ,Contradiction,modality
ANLI5286,"Mary Ramsey (born 24 December 1963), a resident of Buffalo, New York, is a member of folk rock duo John & Mary and lead singer and violinist for the American alternative rock band 10,000 Maniacs. Ramsey has also worked with other well-known artists such as Jackson Browne, Goo Goo Dolls, Billy Bragg, Warren Zevon, Alex Chilton and Ani DiFranco.","In addition to compiling music with the American alternative rock band 10,000 Maniacs, Mary Ramsey should be considered as a member of folk rock duo John & Mary.",Entailment,modality
ANLI5287,"The land claims agreement must still be approved by the Canadian House of Commons , but has already passed through the House of Assembly of Newfoundland and Labrador.",This passage is completed,Entailment,modality
ANLI5473,"How to do a valdez<br>Sit upright with your left leg extended in front of you, and your right leg standing bent. Point your left toe straight ahead. You should feel the muscles in your left leg tighten as you stretch your toes.",A valdez requires you to sit upright. ,Entailment,modality
ANLI6550,"And the compounding rate of interest effect will make it more likely that the Social Security system is solvent for our children and our grandchildren. I will work with Republicans and Democrats. It'll be a vital issue in my second term. It is an issue that I am willing to take on, and so I'll bring Republicans and Democrats together.",The speaker is in his second term.,Contradiction,modality
ANLI6657,"Uncle Alec and Aunt Olivia were eager to go ; but Aunt Janet at first declared it was impossible .<br>`` How could we go away and leave the place to the mercy of all those young ones ? ''<br>she demanded .<br>`` We 'd come home and find them all sick , and the house burned down . ''",Janet is an Uncle.,Contradiction,modality
ANLI7247,"The office of the Governor of Abia State is an elected position. The governor of Abia State is the chief executive of the state and its executive branch. Eight different people have served as governor of Abia State since the state was created on August 27, 1991. The current governor is Okezie Ikpeazu of the People's Democratic Party, in office since May 29, 2015.",The governor of Abia State is also the president. ,Contradiction,modality
ANLI8058,"Akmal's colleague, Walter Murray of the Gulf Intelligence Monitor agreed, saying it would be foolish for the group to alienate potential supporters in the West and endanger the fruits of years of lobbying western governments with such attacks. Murray felt the bombers were more likely ""...loose cannons..."" in Iran's military or intelligence services. According to Iranian top national security official Ali Agha Mohammadi, ""[t]he terrorists of Ahvaz infiltrated Iran from the region of Basra"" in southern Iraq."" He added that ""[t]hese terrorists have been trained under the umbrella of the Americans in Iraq.""",Walter Murray said it was a foolish attack.,Entailment,modality
ANLI8683,Increased liabilities will add a little to the cost of marine insurance but commercial vessels insured in mutual protection and indemnity associations will probably see no substantive increase in insurance rates because coverage already provided by mutual associations is unlimited.,"Unlimited marine insurance is not available to individuals, only to commercial vessels. ",Neutral,modality
ANLI9726,"It is a country place about a hundred miles from here .<br>Pine Valley is its name .<br>It 's restful and homey , and the people are so nice .<br>If you like , I 'll give you the address of the family I boarded with . ''<br>`` Thank you , '' said Constance indifferently .<br>`` I might as well go there as anywhere else . ''<br>`` Yes , but listen to me , dear .<br>Do n't take your morbidness with you .<br>Open your heart to the summer , and let its sunshine in , and when you come back in the fall , come prepared to let us all be your friends .",Constance was not showing interest in the conversation or the subject matter.,Entailment,modality
ANLI9795,How to choose ibs friendly beverages<br>Be aware of your triggers. Ibs is a very hard condition to manage and control. Everyone has different symptoms and may have different triggers.,Ibs sufferers should only drink water,Neutral,modality
ANLI9981,"New Day is a 1949 book by Jamaican author V. S. Reid. It was Reid's first novel. ""New Day"" deals with the political history of Jamaica as told by a character named Campbell, who is a boy at the time of the Morant Bay Rebellion (in 1865) and an old man during its final chapters. It may have been the first novel to use Jamaican vernacular as its language of narration.",New Day is a 1949 book by Jamaican author V. S. Reid. It is over 46 years old,Entailment,modality
ANLI10142,"I believe that history will show after the vote is taken in the House of Commons, that those who for whatever reason vote against this treaty will in 25 or 30 years from now be judged by the Canadian people, that while their opinions may have been right or wrong, they were on the wrong side in opposing this treaty.",The vote for the treaty is between 25 and 30 years old. ,Contradiction,modality
ANLI10498,"Dopamine is the fifth studio album by American rock band Third Eye Blind, released on June 16, 2015. It is the band's first studio album since 2009's ""Ursa Major."" The album's first single, ""Everything Is Easy,"" was released on May 8, 2015, along with a cover version of the Beyoncé song ""Mine."" The album debuted at No. 13 on the Billboard 200, selling over 21,000 copies in its first week.",The album starts with a D,Entailment,modality
ANLI10816,"Raymond signed with the Giants practice squad Tuesday. The Giants are lacking depth in the receiving corps after adding Brandon Marshall (ankle), Odell Beckham (ankle) and Dwayne Harris (foot) to injured reserve this week. As a result, Ed Eagan was promoted to the Giants active roster Tuesday, opening up a spot for Raymond on the practice squad. Should the Giants suffer any more injuries, the 23-year-old could find himself on the active roster as well.",Ed Eagan played on the active roster,Entailment,modality
ANLI10871,"Canelo Álvarez vs. Julio César Chávez Jr. was a professional boxing fight held on May 6, 2017 at the T-Mobile Arena in Paradise, Nevada, part of the Las Vegas metropolitan area. Álvarez was declared the winner by unanimous decision, having been judged the winner of all 12 rounds by each of the three ringside judges.",Canelo Álvarez vs. Julio César Chávez Jr. was held after 2016,Entailment,modality
ANLI10878,"Have you always coveted Kate Moss’ devil-may-care, rock star hair? Hell, I know I have. Well, the going just got a little easier, folks. News has it that James Brown, Moss’ long-time hair stylist and friend, has just launched a brand new, on-the-cheap line of hair products sold at boots.com. Starting at £5.99 per product, which equals out to about ten bucks, this may just be the best drugstore news I’ve heard in months. So get thee onto the site asap to bring some of that Moss magic into your life.",The hair product isn't cheap.,Contradiction,modality
ANLI11022,"Patrick Henry Pearse (also known as Pádraic or Pádraig Pearse; Irish: ""Pádraig Anraí Mac Piarais"" ; An Piarsach; 10 November 1879 – 3 May 1916) was an Irish teacher, barrister, poet, writer, nationalist and political activist who was one of the leaders of the Easter Rising in 1916. Following his execution along with fifteen others, Pearse came to be seen by many as the embodiment of the rebellion.",Pearse died of natural causes.,Contradiction,modality
ANLI11075,"Prolonged exposure to UV-B light can cause sunburn, and there are worries that damage to the ozone layer may lead to an increase in the incidence of skin cancer.",skin cancer correlates to the ozon layer,Neutral,modality
ANLI11261,How to treat dermal filler infections<br>Identify symptoms of infection. You should monitor your skin for any signs of infection after your dermal fillers. Notice any pain or tenderness that is accompanied by warm skin and swelling near the injection site.,Dermal fillers infections may be accompanied by inflammation,Neutral,modality
ANLI11379,"Big Data is an American electronic music project created by producer, Alan Wilkis. Big Data is best known for its single ""Dangerous"", featuring Joywave, which reached number one on the ""Billboard"" Alternative Songs chart in August 2014, and was certified gold by the RIAA in May 2015.",Big Data was a project created by Joywave.,Contradiction,modality
ANLI11660,"How to treat musculoskeletal pain without surgery<br>Take it easy. When you first notice any musculoskeletal pain, you should take it easy and rest your sore muscles. This means abstaining from exercise, strenuous activity, or any other activity that will overwork your muscles.","To treat MSK pain surgically, first rest the muscles.",Contradiction,modality
ANLI11748,"How to recover from a vasectomy<br>Expect mild swelling and pain. After surgery, you will probably have some pain and swelling in your scrotum. You may also notice some fluid leaking from the incision site after surgery.",surgery contains a g,Entailment,modality
ANLI12424,"How to recover from a vasectomy<br>Expect mild swelling and pain. After surgery, you will probably have some pain and swelling in your scrotum. You may also notice some fluid leaking from the incision site after surgery.",surgery is performed by a surgeon,Entailment,modality
ANLI12898,"""Oh My"" is a song by American hip hop artist DJ Drama, released on May 13, 2011, as the lead single from his third studio album ""Third Power"". The song was produced by frequent collaborator Drumma Boy and features rappers Fabolous, Roscoe Dash and Wiz Khalifa. The song peaked at #18 on the ""Billboard"" and #12 on the Top R&B/Hip-Hop Songs, making it the most successful song for DJ Drama to date.",Most people have not heard of the song Oh My.,Neutral,modality
ANLI13120,"It might also publisher -- what the publisher pays for your prospective work, Justice Breyer. We -- the Copyright Clause incentive provides incentives not just for -- not just to the creators, but to the disseminators, the publishers, the broadcasters, the film companies.",Justice Breyer is a publisher.,Contradiction,modality
ANLI13150,"Medesano is a ""comune"" (municipality) in the Province of Parma in the Italian region Emilia-Romagna, located about 100 km northwest of Bologna and about 15 km southwest of Parma. As of 31 May 2007, it had a population of 10,221 and an area of 88.8 km2 .",Municipality and comune mean the the same thing.,Entailment,modality
ANLI13391,"Have you always coveted Kate Moss’ devil-may-care, rock star hair? Hell, I know I have. Well, the going just got a little easier, folks. News has it that James Brown, Moss’ long-time hair stylist and friend, has just launched a brand new, on-the-cheap line of hair products sold at boots.com. Starting at £5.99 per product, which equals out to about ten bucks, this may just be the best drugstore news I’ve heard in months. So get thee onto the site asap to bring some of that Moss magic into your life.",Kate Moss has launched her own hair product line.,Contradiction,modality
ANLI13406,"Jack's Place is an American drama series that aired from May 26, 1992 to July 13, 1993 on ABC. The series was about a retired jazz musician named Jack Evans (Hal Linden) who runs a restaurant where romances tend to start. The waitress, Chelsea, was played by Finola Hughes and the bartender Greg was played by John Dye.",The series was about a retired jazz musician named Jackie Evans.,Contradiction,modality
ANLI13940,"William Thomas Harris (December 3, 1931 – May 28, 2011) was a Canadian pitcher in Major League Baseball who played for the Brooklyn and the Los Angeles Dodgers teams. Listed at 5 ft , 187 lb , Harris batted left-handed and threw right-handed. Born in Duguayville, New Brunswick, he attended Dorchester School.",William Thomas Harris was a Canadian pitcher who batted left-handed for Duguayville,Neutral,modality
ANLI14141,"How to make a marble mirror cake<br>Preheat the oven to 350 f. Beat the cake mix, butter and milk on medium-high speed. Add in the eggs one at a time until fully mixed. Then, beat on high for two minutes.",Sprinkles should be added to the cake.,Neutral,modality
ANLI14286,The National Park Trust identified 20 high-priority sites - including the Blue Ridge Parkway in North Carolina and Virginia and Everglades National Park in Florida - as areas with private property that could be sold.,Blue Ridge Parkway is in North Carolina and Virginia.,Entailment,modality
ANLI14347,"John L. Rogers, 76, of Godfrey, died at 8:45 a.m. Tuesday, May 1, 2018, at Rosewood Care Center in Alton. Visitation will be from 5-8 p.m. Friday, May 4, at Marquette Catholic High School. A Mass of Christian burial will be at 10 a.m. Saturday, May 5, at St. Ambrose Catholic Church in Godfrey. Father Steven Janoski will officiate. Burial will be at St. Patrick's Cemetery in Godfrey. Gent Funeral Home in Alton is in charge arrangements.",Gent Funeral Home is responsible for John's death,Contradiction,modality
ANLI14410,"Alan Mulally, Boeing's head of the unit, said at the start of the strike that it may cause delivery delays that would give Airbus SAS an advantage in what is the strongest commercial aircraft market in five years.",The strike will cause delivery delays,Neutral,modality
ANLI14664,"That the subcommittee on Corrections and Conditional Release Act be granted authority to travel to Edmonton, Regina and Winnipeg during the week of April 19, 1999, to Kingston and Toronto during the week of May 10, 1999 and to Montreal and region during the week of May 24, 1999 and that the necessary staff accompany it.",The subcommittee will take 4 trips in the spring of 1999,Contradiction,modality
ANLI14851,How to multiply fractions<br>Write out the problem. The two fractions should be written down so that their numerators are aligned with their denominators. [substeps] Ex : 2/4 * 2/4 Multiply the numerators of the two fractions.,Multiply the denominators.,Contradiction,modality
ANLI14904,"Donald Jay Rickles (May 8, 1926 – April 6, 2017) was an American stand-up comedian, actor, and author. He became well known as an insult comic. His prominent film roles included ""Run Silent, Run Deep"" (1958) with Clark Gable and ""Kelly's Heroes"" (1970) with Clint Eastwood, and beginning in 1976 he enjoyed a two-year run starring in the NBC television sitcom ""C.P.O. Sharkey"".",Someone will do a story about Donald Rickles life.,Neutral,modality
ANLI14911,"A bid topping $17.7 billion was jointly proffered by Time Warner Inc. and Comcast Corporation on Thursday to buy beleaguered Adelphia Communications Corporation in an industry consolidation move. Adelphia is the fifth largest cable service provider in the United States with nearly 5 million subscribers. The market-share grabbing bid trumps the previous Cablevision offer of $16.5 billion. The bid is under scrutiny by the presiding judge over the Adelphia's Chapter 11 bankruptcy filing, and must also be approved by the company's creditors owed in the range of $20 million.",Adelphia is not the ninth largest cable service provider in the United States with nearly 5 million subscribers.,Entailment,modality
ANLI15034,How to multiply fractions<br>Write out the problem. The two fractions should be written down so that their numerators are aligned with their denominators. [substeps] Ex : 2/4 * 2/4 Multiply the numerators of the two fractions.,Add the numerators.,Contradiction,modality
ANLI15634,"Ilse von Glatz (August 21, 1958 – May 2, 2014) was a Canadian actress who played an Advocate in the 1988 science fiction TV series ""War of the Worlds"". She also worked in ""The Mind of Simon Foster"" (episode of ""the 1985 version of The Twilight Zone""). She also appeared in at least one episode of """" in 1989.",Ilse von Glatz was an advocate in real life,Neutral,modality
ANLI15692,"Mr. Speaker, since the Federal Court's McGillis ruling has laid the board's independence open to question, the departments, the ministers and the secretaries of state must realize that they would be jeopardizing the very independence of the Copyright Board and the principle of equity itself.",mcgillis ruling damaged their reputation.,Entailment,modality
ANLI16945,"How to braise lettuce<br>Prepare the lettuce. First take sweet romaine lettuce and discard any wilting or unhealthy looking leaves. Using a sharp knife, cut ½ of stem off the lettuce.",You should use romaine lettuce for braising.,Entailment,modality
ANLI17319,The Hotline<br>Because someone close to Dani had taken his life she helped others. She volunteered at a suicide prevention hotline. It was hard for her sometimes but mostly she was glad she did it. She never thought she would ever be in that situation in her life. She just figures that maybe she could help someone choose differently.,Dani has helped someone choose differently by volunteering at the suicide prevention hotline. ,Neutral,modality
ANLI17592,"The East–West Shrine Game is an annual postseason college football all-star game played each January since 1925. The game is sponsored by the fraternal group Shriners International, and the net proceeds are earmarked to some of the Shrine's charitable works, most notably the Shriners Hospitals for Children. The game's slogan is ""Strong Legs Run That Weak Legs May Walk"".",College Football all-star game players play in the East-West Shrine Game.,Entailment,modality
ANLI18332,"Matthew Thomas Ryan (born May 17, 1985), nicknamed ""Matty Ice"", is an American football quarterback for the Atlanta Falcons of the National Football League (NFL). After playing college football for Boston College, Ryan was drafted by the Falcons with the third overall pick in the first round of the 2008 NFL Draft.",Thomas Ryan was 52 years old in 2008.,Contradiction,modality
ANLI18351,The Hotline<br>Because someone close to Dani had taken his life she helped others. She volunteered at a suicide prevention hotline. It was hard for her sometimes but mostly she was glad she did it. She never thought she would ever be in that situation in her life. She just figures that maybe she could help someone choose differently.,Dani knew how hard it could be.,Entailment,modality
ANLI18625,"AURORA, Minn. (AP) - Authorities are now calling the death of a 16-year-old hunter in northeastern Minnesota a suicide. A member of the boy's hunting party found him dead in his hunting stand near Aurora late Saturday afternoon. The death initially was reported to authorities as an accidental shooting. But the St. Louis County Sheriff's Office said Sunday the death has been reclassified as a suicide. Copyright 2017 The Associated Press. All rights reserved. This material may not be published, broadcast, rewritten or redistributed.",Authorities did not came to the conclusion that it was a murder,Entailment,modality
ANLI18747,"Henry Gabriel Ginaca (May 19, 1876 - 1918) was an American engineer who invented, at the direction of Hawaiian pineapple magnate James Dole in 1911, a machine that could peel and core pineapples in an automated fashion. Called the Ginaca machine, the invention exponentially increased pineapple production and revolutionized the fruit canning industry. He died in the Spanish flu epidemic.",Henry died 7 years after inventing the machine.,Entailment,modality
ANLI19082,"Selma Diamond (August 6, 1920 – May 13, 1985) was an American comedic actress and radio and television writer, known for her high-range, raspy voice, and her portrayal of Selma Hacker on the first two seasons of the NBC television comedy series ""Night Court"".",Selma Diamond died at age 60,Contradiction,modality
ANLI19140,"I am pleased to speak on this motion today, particularly since I drafted it two years ago as a result of some unfortunate circumstances in my home province of Saskatchewan but which could continue to have some importance as efforts to discover the extent of government's involvement in the APEC issue unfold.",My home province is Sasquatch.,Contradiction,modality
ANLI20171,"But Russia has to make the decision. We can work with them on security matters, for example, but it's their call to make. So I'm not exactly sure where the vice president is coming from, but I think one way for us to end up being viewed as the ugly American is for us to go around the world saying, we do it this way, so should you.",Russia listens to America.,Neutral,modality
ANLI20178,"""There is 'no indication of any security related event' that brought the plane down,"" said FBI spokesman Richard Kolko. Conditions of freezing drizzle, known as hard rime, were the most likely cause of the tragedy. The National Transportation Safety Board (NTSB) has announced that they would send a team to the crash site on Friday to begin the investigation. Lorenda Ward will serve as chief investigator with the assistance of NTSB Commissioner Steven Chealander and public affairs officer Keith Holloway. Ward has investigated several other plane crashes ―including the 2006 New York City plane crash that claimed the life of New York Yankees pitcher Corey Lidle.",Steven Chealander works for the National Transportation Safety Board. ,Entailment,modality
ANLI20638,"The East–West Shrine Game is an annual postseason college football all-star game played each January since 1925. The game is sponsored by the fraternal group Shriners International, and the net proceeds are earmarked to some of the Shrine's charitable works, most notably the Shriners Hospitals for Children. The game's slogan is ""Strong Legs Run That Weak Legs May Walk"".",The all star game is played after the postseason of college football.,Entailment,modality
ANLI20825,"One of the things I've done in Texas is I've been able to put together a good team of people. I've been able to set clear goals. The goals ought to be an education system that leaves no child behind, Medicare for our seniors, a Social Security system that's safe and secure, foreign policy that's in our nation's interest, and a strong military, and then bring people together to achieve those goals.",The education system is deeply flawed and no child should be left behind.,Neutral,modality
ANLI21250,"INSIGHT-Investors rush to develop rental housing as Chinese home prices surge HONG KONG, May 5 China's sky-high apartment prices and its footloose generation of millennials are fuelling demand for rental apartments, driving investment by foreign private equity funds and Chinese real estate developers.",Baby Boomers are the ones to blame for the sky rocket house prices.,Contradiction,modality
ANLI21561,Chalky<br>Hank's mouth felt sort of weird. He'd just gotten a composite resin filling the day before. Now there was a chalky taste and the feeling of something artificial. Hank read that alcohol could wear away the rosin material. He decided to binge on coffee to wash away the taste.,Hank got a filling two days ago,Contradiction,modality
ANLI21621,"Craig Neil Erickson (born May 17, 1969) is a former professional quarterback who was selected by the Philadelphia Eagles in the fifth round of the 1991 NFL Draft and also by the Tampa Bay Buccaneers in the fourth round of the 1992 NFL Draft. He is one of the few NFL players to be drafted twice, another famous example being Bo Jackson. Coincidentally, each was drafted by the Tampa Bay Buccaneers.",The Tampa team picked Erickson in the 4th round of the 1991 selection process.,Contradiction,modality
ANLI21679,"Witta son of Wecta is mentioned as a Jutish chieftain in the 449 entry of the ""Anglo-Saxon Chronicle"" as the father of Wihtgils and the grandfather of Hengest and Horsa. He also appears in the same role in Henry of Huntingdon's ""Historia Anglorum"". He is most probably mythological, but as a historical person he would have been born around 400 AD.",Witta son of Wecta like to listen to the lute.,Neutral,modality
ANLI21757,"JOHNSON CITY, TN (WJHL)- Crews were called to East Tennessee State University’s campus Monday evening to preform emergency maintenance on a broken water main. Traffic was re-routed around Gilbreath Drive in front of Governor’s Hall to fix the break. Crews told us the water main burst in two places sometime Monday afternoon, and they dug nearly six feet below the road to find the broken line. The water main repairs are expected to be completed by the end of the night. Copyright 2017 WJHL. All rights reserved.",The water main break could have been avoided.,Neutral,modality
ANLI22076,"I agree with that, and I did support that law. But I think that we should find a way to allow some kind of civic unions, and I basically agree with Dick Cheney and Joe Lieberman. And I think the three of us have one view and the Governor has another view.",All five friends are female.,Contradiction,modality
ANLI22085,"Kota Ramakrishna Karanth (born May 1, 1894) was an Indian lawyer and politician who served as the Minister of Land Revenue for the Madras Presidency from March 1, 1946 to March 23, 1947. He was the elder brother of noted Kannada novelist K. Shivarama Karanth.",Kota Ramakrishna Karanth was born after April,Contradiction,modality
ANLI22146,"My colleague from West Nova indicated that very thing, that we could accept some of the proposed changes, good changes which the Liberals have put forward but that we could not accept them based on the facts, figures and numbers we have at this time with respect to the taxation rates which will be attached to this bill.",My colleague also mentioned we could accept some of the proposed changes that were borderline good.,Neutral,modality
ANLI22311,The National Park Trust identified 20 high-priority sites - including the Blue Ridge Parkway in North Carolina and Virginia and Everglades National Park in Florida - as areas with private property that could be sold.,The Blue Ridge Parkway has been sold to private parties.,Neutral,modality
ANLI22404,"So she could only accept the situation .<br>`` Well , anyway , '' she thought , `` I 'll get Mary to point Sara Beaumont out to me , and I 'll store up a description of her in my mind to tell Fran tonight .<br>I must remember to take notice of the colour of her eyes .<br>Fran has always been exercised about that . ''<br>It was mid-forenoon when Frances arrived at Ashland station .<br>Grandmother Newbury 's man , Hiram , was waiting for her with the pony carriage , and Frances heartily enjoyed the three-mile drive to the Bay Shore Farm .<br>Grandmother Newbury came to the door to meet her granddaughter .",The speaker know's the color of Sara's eyes,Contradiction,modality
ANLI22429,The National Park Trust identified 20 high-priority sites - including the Blue Ridge Parkway in North Carolina and Virginia and Everglades National Park in Florida - as areas with private property that could be sold.,Private parties are interested in buying land from the National Park Trust.,Neutral,modality
ANLI22546,"Manson (upper body) will be in the lineup Sunday against the Oilers, Derek Van Diest of the Edmonton Sun reports. Manson was part of the morning skate Sunday, so it seemed likely that he would be able to play barring a setback. The 26-year-old has managed 31 points in 73 games, and he is returning from his absence to face an Oilers team on the second night of a back-to-back. Considering that Edmonton has a 3.16 GAA, this seems like a nice matchup to return for.",Manson will not play a 74th game,Contradiction,modality
ANLI22605,"""The Candidate"" is the 14th episode of the American Broadcasting Company's sixth season of the serial drama television series ""Lost"" and 117th episode overall. The episode aired on May 4, 2010, on ABC in the United States. The episode was written by Elizabeth Sarnoff and Jim Galasso and directed by Jack Bender. The episode is centered on Jack Shephard and John Locke.",ABC ran Lost for at least 6 seasons,Entailment,modality
ANLI22738,"How to live with both ibs and gerd<br>Know and avoid your trigger foods. Although completely separate conditions, both ibs and gerd come with a set of trigger foods. These may vary from person to person, but it's essential that you're aware of your trigger foods and you avoid them.",trigger foods are essential to be aware of and to avoid of both ibs and gerd since same condtions,Contradiction,modality
ANLI22965,"Ira Heiden (born September 22, 1966) is an American television and film actor, perhaps best known for his role in the 1987 horror film """" as Will Stanton. Ira's other film roles include the 1988 film ""Elvira, Mistress of the Dark"" and his most recent film is the 1996 film ""Timelock"".",Ira Heiden's first film role was in 1987.,Neutral,modality
ANLI23048,"How to file a complaint against a realtor in florida<br>Gather evidence that supports your complaint against the agent. The more documentation of misconduct or ineffectiveness you can provide, the more likely your complaint will be taken seriously. [substeps] Include copies of any supporting paperwork with your complaint.",Realtor's in Florida cannot act with misconduct but can be ineffective when representing their clients. ,Contradiction,modality
ANLI23099,"The leader of the New Democratic Party should know that the science advisory board which I appointed some months ago, chaired by the distinguished Dr. Roberta Bondar and including 15 or 20 outstanding Canadian scientists, is now doing an audit of the science capacity of Health Canada.",The science advisory board is being audited,Contradiction,modality
ANLI23220,How to prevent worms in dogs<br>Clean your dog's living area on a regular basis to remove feces and other waste materials. Dogs may become infected with worms from old feces that remains in your backyard. Use a poop scooper to clean up your dog's feces every day.,Worms get infected by dog feces.,Contradiction,modality
ANLI23225,"Uttar Pradesh, September 12: Rahul Gandhi today took an apparent dig at Prime Minister Narendra Modi over his expensive monogrammed suit as he said that he does not visit the farmers as he fears that his suit might get dirty. “He (Modi) does not go to the farmers so that his suit does not get dirty. He is a leader who loves to travel to the US and China,” the Congress vice president said addressing a meeting here in poll-bound Uttar Pradesh, reports economictimes.com.",Rahul Gandhi really digs Narendra Modi.,Contradiction,modality
ANLI23529,"The Cooper–Frost–Austin House is a historic Colonial American house, built in 1681. It is located at 21 Linnaean Street, Cambridge, Massachusetts. It is the oldest extant home in Cambridge and is owned and operated as a non-profit museum by Historic New England. The house is rarely open for public tours, but private tours can be arranged during the summer months.",The Cooper–Frost–Austin House offers private tours in early May.,Contradiction,modality
ANLI23755,"So she could only accept the situation .<br>`` Well , anyway , '' she thought , `` I 'll get Mary to point Sara Beaumont out to me , and I 'll store up a description of her in my mind to tell Fran tonight .<br>I must remember to take notice of the colour of her eyes .<br>Fran has always been exercised about that . ''<br>It was mid-forenoon when Frances arrived at Ashland station .<br>Grandmother Newbury 's man , Hiram , was waiting for her with the pony carriage , and Frances heartily enjoyed the three-mile drive to the Bay Shore Farm .<br>Grandmother Newbury came to the door to meet her granddaughter .",She arrived at mid-forenoon. ,Entailment,modality
ANLI23781,"Tenements (of the Anointed Flesh) is the fourth and final studio album by British industrial black metal band The Axis of Perdition. It was released on May 2, 2011, on Code666 Records. Dan ""Storm"" Mullins could not play drums on this album due to a broken arm so drums were programmed.",The Axis of Perdition are a korean pop group,Contradiction,modality
ANLI24006,"How to address an archbishop<br>Greet an archbishop formally by saying "" your excellency. "" when you approach an archbishop, it's best to give them a formal salutation. Both "" your excellency "" and "" your grace "" are acceptable and highly respectful greetings.",Archbishops should be treated just like any other member of the church,Contradiction,modality
ANLI24162,"Ratatouille is a video game based on the Pixar film of the same name. It was developed at Heavy Iron Studios and released by THQ, on June 26, 2007. ""Ratatouille"" was released on thirteen systems—Wii, Nintendo DS, PlayStation 3, PlayStation 2, PSP, Xbox 360, Xbox, Nintendo GameCube, Game Boy Advance, Microsoft Windows, OS X, J2ME, and mobile phone.",Ratatouille could be played in the car,Entailment,modality
ANLI24339,"Uncle Alec and Aunt Olivia were eager to go ; but Aunt Janet at first declared it was impossible .<br>`` How could we go away and leave the place to the mercy of all those young ones ? ''<br>she demanded .<br>`` We 'd come home and find them all sick , and the house burned down . ''",They were scared when they came back all the kids would be sick.,Entailment,modality
ANLI24553,"How to write a rhyming poem<br>Make a list of full rhymes. Words are said to rhyme when the endings and sounds of the words match. There are many different types of rhyme, but full rhymes or "" perfect "" rhymes are words like "" dog "" and "" bog, "" with identical vowel and consonant combinations.",A poem must have rhymes.,Neutral,modality
ANLI24625,"The Pickles<br>Ethan had cucumbers growing in his garden. He decided to make pickles with them. He chopped them and soaked them in vinegar. He added a few herbs, too. The pickles were delicious!",Ethan could have grown the herbs in the same garden.,Neutral,modality
ANLI24728,"WASHINGTON _ The winning numbers in Tuesday afternoon's drawing of the Dist. of Columbia Lottery's ""DC 5 Midday"" game were: 7-4-8-8-9 (seven, four, eight, eight, nine) Copyright 2018 The Associated Press. All rights reserved. This material may not be published, broadcast, rewritten or redistributed.",The Associated Press copywrote this announcement.,Entailment,modality
Fever344,"Citizen Kane is a 1941 American mystery drama film by Orson Welles , its producer , co-screenwriter , director and star . George Orson Welles ( [ ˈwɛlz ] May 6 , 1915 -- October 10 , 1985 ) was an American actor , director , writer , and producer who worked in theatre , radio , and film . His first film was Citizen Kane ( 1941 ) , which he co-wrote , produced , directed , and starred in as Charles Foster Kane . Welles followed up Citizen Kane with 12 other feature films , the most acclaimed of which include The Magnificent Ambersons ( 1942 ) , Touch of Evil ( 1958 ) , and Chimes at Midnight ( 1966 ) .",Orson Welles was a producer.,Entailment,modality
Fever563,"Joseph Michael `` Joey '' Graceffa ( [ grəˈsɛfə ] born May 16 , 1991 ) is an American YouTube personality , actor , author , producer , and singer .",Joey Graceffa is a computer engineer.,Neutral,modality
Fever793,"Kid A is the fourth studio album by the English rock band Radiohead , released on 2 October 2000 by Parlophone . Radiohead . Radiohead 's third album , OK Computer ( 1997 ) , propelled them to international fame ; noted for its complex production and themes of modern alienation , it is often acclaimed as a landmark record of the 1990s and one of the best albums in popular music . Radiohead 's sixth album , Hail to the Thief ( 2003 ) , mixed rock and electronic music with lyrics inspired by the War on Terror , and was the band 's final album for EMI . Radiohead self-released their seventh album , In Rainbows ( 2007 ) , as a download for which customers could set their own price , to critical and chart success .",Radiohead has three albums released.,Entailment,modality
Fever1275,"Venom (comics) . Venom made his first appearance in The Amazing Spider-Man # 300 ( May 1988 ) . The Venom Symbiote 's first known host was Spider-Man , who eventually separated himself from the creature when he discovered its true nature .",Venom is usually connected to Spiderman.,Entailment,modality
Fever1464,"Marilyn Burns ; ( born Mary Lynn Ann Burns ; May 7 , 1949 -- August 5 , 2014 ) was an American actress who became known for her role as Sally Hardesty in the Texas Chainsaw Massacre film series .",Marilyn Burns was an fencer.,Neutral,modality
Fever1539,"James Maury `` Jim '' Henson ( September 24 , 1936 -- May 16 , 1990 ) was an American puppeteer , artist , cartoonist , inventor , screenwriter , film director and producer who achieved international fame as the creator of the Muppets .",Jim Henson was a singer.,Neutral,modality
Fever1684,"Karan Johar ( born 25 May 1972 ) , often informally referred to as KJo , is an Indian film director , producer , screenwriter , costume designer , actor and television personality who is primarily known for his work in Hindi films .",Karan Johar is a president.,Neutral,modality
Fever1741,"George Orson Welles ( [ ˈwɛlz ] May 6 , 1915 -- October 10 , 1985 ) was an American actor , director , writer , and producer who worked in theatre , radio , and film . Other works of his , such as The Lady from Shanghai ( 1947 ) and F for Fake ( 1973 ) , are also well-regarded . The Lady from Shanghai is a 1947 film noir directed by Orson Welles and starring Welles , his estranged wife Rita Hayworth and Everett Sloane .",Orson Welles was a thespian.,Entailment,modality
Fever1882,"Clinton Eastwood Jr. '' ' ( born May 31 , 1930 ) is an American actor , filmmaker , musician , and political figure . `` Clint Eastwood '' is a song by British virtual band Gorillaz , released as the first single from their self-titled debut album in March 2001 . Clint Eastwood , an audiophile , has had a strong passion for music all his life , particularly jazz and country and western music .",Clint Eastwood performs music.,Neutral,modality
Fever2038,Victoria ( Alexandrina Victoria ; 24 May 1819 -- 22 January 1901 ) was Queen of the United Kingdom of Great Britain and Ireland from 20 June 1837 until her death . She was the last British monarch of the House of Hanover .,Queen Victoria was queen of a country.,Neutral,modality
Fever2178,"Grace Jones . Born in Jamaica , at age 13 she moved with her siblings to their parents ' home in Syracuse , New York . Warm Leatherette is the fourth studio album by Grace Jones , released on 9 May 1980 by Island Records .",Warm Leatherette is by a woman.,Entailment,modality
Fever2232,"X-Men: Days of Future Past . With a budget of $ 200 million , principal photography began in Montreal , Quebec in April 2013 and concluded in August the same year , with additional filming and pick-ups taking place in November 2013 and February 2014 . X-Men : Days of Future Past premiered in New York City on May 10 , 2014 , and was theatrically released on May 23 .",X-Men: Days of Future Past came out after 2010.,Entailment,modality
Fever2426,"Jordan Nathaniel Marcel Knight ( born May 17 , 1970 ) is an American singer-songwriter and actor , best known as the lead singer of the boy band New Kids on the Block ( NKOTB ) , who rose to fame in the 1980s and 1990s .",Jordan Knight is a film actor.,Neutral,modality
Fever2436,"France ( [ fʁɑ̃s ] ) , officially the French Republic ( [ ʁepyblik fʁɑ̃sɛz ] ) , is a country with territory in western Europe and several overseas regions and territories . Minnesota ( [ [ ˌmɪnəˈso̞ɾɐ ] help = no ] ) is a state in the midwestern and northern regions of the United States . Minnesota was admitted as the 32nd U.S. state on May 11 , 1858 , created from the eastern half of the Minnesota Territory . Minnesota is the 12th largest in area and the 21st most populous of the U.S. states ; nearly 60 percent of its residents live in the Minneapolis -- Saint Paul metropolitan area ( known as the `` Twin Cities '' ) , the center of transportation , business , industry , education , and government and home to an internationally known arts community .",Minnesota is in France.,Contradiction,modality
Fever2454,"The Hereditary Disease Foundation ( HDF ) aims to cure genetic disorders , notably Huntington 's disease , by supporting basic biomedical research . Huntington's disease . The genetic basis was discovered in 1993 by an international collaborative effort led by the Hereditary Disease Foundation .",Huntington's disease is a disorder that may be inherited.,Entailment,modality
Fever2785,"Sue Sylvester . The character is portrayed by actress Jane Lynch , and has appeared in Glee from its pilot episode , first broadcast on May 19 , 2009 .",Sue Sylvester is portrayed exclusively by a male actor.,Contradiction,modality
Fever3174,"Joan Crawford ( born Lucille Fay LeSueur ; March 23 , c. 1904 -- May 10 , 1977 ) was an American film and television actress who began her career as a dancer and stage showgirl . Beginning her career as a dancer in traveling theatrical companies , before debuting as a chorus girl on Broadway , Crawford signed a motion picture contract with Metro-Goldwyn-Mayer in 1925 .",Joan Crawford began her career as an actress.,Contradiction,modality
Fever3283,"Leonardo di ser Piero da Vinci ( [ leoˈnardo di ˌsɛr ˈpjɛːro da ( v ) ˈvintʃi ] ; 15 April 14522 May 1519 ) , more commonly Leonardo da Vinci or simply Leonardo , was an Italian polymath whose areas of interest included invention , painting , sculpting , architecture , science , music , mathematics , engineering , literature , anatomy , geology , astronomy , botany , writing , history , and cartography . He has been variously called the father of palaeontology , ichnology , and architecture , and is widely considered one of the greatest painters of all time .",Leonardo da Vinci is dating one of the greatest painters of all time.,Contradiction,modality
Fever4107,"Frederick Christ Trump ( October 11 , 1905 -- June 25 , 1999 ) was an American real estate developer and philanthropist , primarily in New York City , and father of Donald Trump , the 45th President of the United States , and Maryanne Trump Barry , a United States Court of Appeals judge . Frederick Trump ( born Friedrich Trump ; March 14 , 1869 -- May 27 , 1918 ) was a German American businessman .","Fred Trump was thirteen years old in December, 1918.",Entailment,modality
Fever4495,"Sofia Carmina Coppola ( [ ˈkoʊpələ ] ; born May 14 , 1971 ) is an American screenwriter , director , producer and actress . In 2003 , she received the Academy Award for Best Original Screenplay for the comedy-drama Lost in Translation , and became the third woman to be nominated for an Academy Award for Best Director . The film premiered at the 2017 Cannes Film Festival , where Coppola became the second woman ( and the first American woman ) in the festival 's history to win the Best Director award .",Sofia Coppola is a sparkling wine.,Neutral,modality
Fever4855,"Sir Ian Murray McKellen , ( born 25 May 1939 ) is an English actor . X-Men (film) . The film , directed by Bryan Singer and written by David Hayter , features an ensemble cast that includes Hugh Jackman , Patrick Stewart , Ian McKellen , Halle Berry , Famke Janssen , James Marsden , Bruce Davison , Rebecca Romijn-Stamos , Ray Park , Tyler Mane , and Anna Paquin .","X-Men (film) has a cast that is an American actor, and singer name Ian Mckellen.",Neutral,modality
Fever5710,"Newcastle United F.C. . The club 's most successful period was between 1904 and 1910 , when they won an FA Cup and three of their First Division titles .",Newcastle United F.C.'s most successful period ended in May of 1910.,Entailment,modality
Fever5837,"Leonardo di ser Piero da Vinci ( [ leoˈnardo di ˌsɛr ˈpjɛːro da ( v ) ˈvintʃi ] ; 15 April 14522 May 1519 ) , more commonly Leonardo da Vinci or simply Leonardo , was an Italian polymath whose areas of interest included invention , painting , sculpting , architecture , science , music , mathematics , engineering , literature , anatomy , geology , astronomy , botany , writing , history , and cartography .",Leonardo da Vinci studied anatomy.,Entailment,modality
Fever6478,"Joseph Michael `` Joey '' Graceffa ( [ grəˈsɛfə ] born May 16 , 1991 ) is an American YouTube personality , actor , author , producer , and singer . The United States of America ( USA ) , commonly known as the United States ( U.S. ) or America , is a constitutional federal republic composed of 50 states , a federal district , five major self-governing territories , and various possessions .","Joey Graceffa is from a republic made up of a federation, based on a constitution.",Entailment,modality
Fever6689,"Glee is an American musical comedy-drama television series that aired on the Fox network in the United States from May 19 , 2009 , to March 20 , 2015 .",Glee is a horror comedy.,Neutral,modality
Fever6702,"Joseph Aaron `` Joe '' Carnahan ( born May 9 , 1969 ) is an American independent film director , screenwriter , producer and actor best known for his films Blood , Guts , Bullets and Octane , Narc , Smokin ' Aces , The A-Team , and The Grey . The Blacklist (TV series) . The pilot episode was written by Jon Bokenkamp and directed by Joe Carnahan .",The director of the pilot episode of The Blacklist was born during the Kennedy administration.,Contradiction,modality
Fever7117,"Leati Joseph `` Joe '' Anoaʻi ( born May 25 , 1985 ) is an American professional wrestler , former professional Canadian football player and a member of the Anoaʻi family . He is signed to WWE , where he performs on the Raw brand under the ring name Roman Reigns .",Roman Reigns is a gardener.,Neutral,modality
Fever7192,"Edward Moore Kennedy ( February 22 , 1932 -- August 25 , 2009 ) was an American politician and lawyer who served as a United States Senator from Massachusetts . A member of the Democratic Party , he was the second most senior member of the Senate when he died and was the fourth-longest-serving senator in United States history , having served there for almost 47 years . In May 2008 , Kennedy was hospitalized after suffering a seizure and was diagnosed with a malignant brain tumor , which limited his appearances in the Senate .",Ted Kennedy is a United States senator.,Neutral,modality
Fever7292,"Supernatural (U.S. TV series) . With its eleventh season , Supernatural became the longest-running American fantasy series . The series was renewed for a twelfth season , which aired from October 13 , 2016 , to May 18 , 2017 .",Supernatural is a series.,Entailment,modality
Fever7445,"Doctor Who is a British science-fiction television programme produced by the BBC since 1963 . `` For Tonight We Might Die '' is the first episode of the first series of the British science-fiction television series Class , a spin-off series of Doctor Who . `` The Time of the Doctor '' is an episode of the British science fiction television programme Doctor Who , written by Steven Moffat and directed by Jamie Payne , and was broadcast as the ninth Doctor Who Christmas special on 25 December 2013 on BBC One . The Twelfth Doctor is an incarnation of the Doctor , the protagonist of the BBC science fiction television programme Doctor Who . He also appeared in `` For Tonight We Might Die '' , the first episode of the 2016 spin-off series Class .",The Twelfth Doctor is in a British television show.,Entailment,modality
Fever8023,"Jack Harold Paar ( May 1 , 1918 -- January 27 , 2004 ) was an American author , radio and television comedian and talk show host , best known for his stint as host of The Tonight Show from 1957 to 1962 .",Jack Paar died on a date in the 21st century.,Entailment,modality
Fever8380,"Planet of the Apes (1968 film) . Filming took place between May 21 and August 10 , 1967 , in California , Utah and Arizona , with desert sequences shot in and around Lake Powell , Glen Canyon National Recreation Area .",Planet of the Apes shot sequences in and around the Statue of Liberty.,Contradiction,modality
Fever8654,"One More Light . It was released on May 19 , 2017 through Warner Bros. .",One More Light was released through CBS.,Neutral,modality
Fever8675,"Wentworth is an Australian television drama series . It was first broadcast on SoHo on 1 May 2013 . The series serves as a contemporary reimagining of Prisoner , which ran on Network Ten from 1979 to 1986 . The show has received a mostly positive reception from critics , and the first episode became the most watched Australian drama series premiere in Foxtel history .",Wentworth is a single episode on television.,Contradiction,modality
Fever8769,Robert Browning ( 7 May 1812 -- 12 December 1889 ) was an English poet and playwright whose mastery of the dramatic monologue made him one of the foremost Victorian poets .,Robert Browning was a foremost Russian Empire-era poet.,Neutral,modality
Fever9204,"Audrey Horne is a fictional character from the ABC television series Twin Peaks , played by Sherilyn Fenn . She was introduced in the pilot . The pilot episode , also known as Northwest Passage , of the mystery television series Twin Peaks premiered on the ABC Network on Sunday , April 8 , 1990 . Twin Peaks , also known as Twin Peaks : The Return , is an American serial drama television series created by Mark Frost and David Lynch and a continuation of the 1990 -- 91 ABC series of the same name . The limited series event will consist of 18 episodes and premiered on Showtime on May 21 , 2017 .",Audrey Horne was introduced in Twin Peaks: The Return.,Contradiction,modality
Fever9682,"Avatar: The Last Airbender . The series follows the adventures of protagonist twelve-year-old Aang and his friends , who must bring peace and unity to the world by ending the Fire Lord 's war against the other three nations .",Avatar: The Last Airbender's main character was Aang.,Entailment,modality
Fever9904,"Evan Goldberg ( born May 11 , 1982 ) is a Canadian screenwriter , film producer , and director .",Evan Goldberg is a German director.,Neutral,modality
Fever10351,"Arizona ( [ ɛərᵻˈzoʊnə , _ ærᵻ - ] ) ( Hoozdo Hahoodzo [ xòːztò xɑ̀xòːtsò ] O'odham : Alĭ ṣonak [ ˡaɺi ˡʃonak ] ) is a state in the southwestern region of the United States . It is the sixth largest and the 14th most populous of the 50 states . Cindy Lou Hensley McCain ( born May 20 , 1954 ) is an American businesswoman , philanthropist , and humanitarian , and the wife of long-time United States Senator and 2008 Republican presidential nominee John McCain of Arizona .",Cindy McCain is American.,Entailment,modality
Fever10363,"Coldplay . In October 2011 , Coldplay released their fifth studio album , Mylo Xyloto , which topped the charts in over 34 countries and was the UK 's best-selling rock album of 2011 , but received mixed reviews , In May 2014 , they released their sixth album , Ghost Stories , which also received mixed reviews and topped the iTunes Store albums charts in over 100 countries . Mylo Xyloto [ ˈmaɪloʊ_ˈzaɪlətoʊ ] is fifth studio album by British alternative rock band Coldplay .",Coldplay is a British band.,Entailment,modality
Fever11235,"Home Improvement is an American television sitcom starring Tim Allen that aired on ABC from September 17 , 1991 , to May 25 , 1999 , with a total of 204 half-hour episodes spanning over eight seasons . Last Man Standing is an American television sitcom starring Tim Allen . Tim Allen . From 2011 to 2017 , he starred as Mike Baxter in the TV series Last Man Standing .",Tim Allen starred in an American show.,Entailment,modality
Fever11297,"Tony Blair . He remains the most recent Labour Party leader to have won a general election . In May 1997 , the Labour Party won a landslide general election victory , the largest in its history , allowing Blair , at 43 years old , to become the youngest Prime Minister since 1812 .",Tony Blair was leader of the Conservative Party.,Contradiction,modality
Fever11422,Heather Miriam Watson ( born 19 May 1992 ) is a British tennis player and a Wimbledon Mixed Doubles Champion . She holds the Mixed Doubles title at the 2016 Wimbledon Championships with Henri Kontinen .,Heather Watson is a champion.,Entailment,modality
Fever11441,"John McCain . He is also known for his work in the 1990s to restore diplomatic relations with Vietnam , and for his belief that the Iraq War should have been fought to a successful conclusion .",John McCain is known for his work to restore diplomatic relations with Russia.,Neutral,modality
Fever11499,"Vladimir Vladimirovich Putin ( ˈ ; born 7 October 1952 ) is the current President of the Russian Federation , holding the office since 7 May 2012 . During his second term as Prime Minister , he was the Chairman of the ruling United Russia Party .",Vladimir Putin was the Chairman of a government.,Neutral,modality
Fever11664,"Lance Reddick is an American actor and musician . Leland Jones Orser ( born 1960/1961 ) ) is an American film and television actor . Maika Monroe ( born Dillon Monroe Buckley ; May 29 , 1993 ) is an American actress and professional kiteboarder . The Guest (film) . Starring Dan Stevens , Maika Monroe , Leland Orser , Sheila Kelley , Brendan Meyer , and Lance Reddick , the plot follows a soldier named `` David '' unexpectedly visiting the Peterson family , introducing himself as a friend of their son who had died during the Afghanistan war .",The Guest stars American film actors.,Entailment,modality
Fever11737,"Timothy David Olyphant ( [ ˈɔːlʌfɪnt ] ; born May 20 , 1968 ) is an American actor and producer . He was a villain in Live Free or Die Hard ( 2007 ) and was a recurring guest star in season two of the FX legal thriller Damages ( 2009 ) .",Timothy Olyphant was an animal.,Neutral,modality
Fever11815,"Francis Albert Sinatra ( [ sᵻˈnɑːtrə ] [ siˈnaːtra ] ; December 12 , 1915 -- May 14 , 1998 ) was an American singer , actor , and producer who was one of the most popular and influential musical artists of the 20th century .",Frank Sinatra's middle name was Sam.,Contradiction,modality
Fever12381,"Sage Moonblood Stallone ( May 5 , 1976 -- July 13 , 2012 ) was an American actor , film director , film producer , and film distributor . He was the son of Sylvester Stallone .",Sage Stallone was a father.,Entailment,modality
Fever12639,"Mao Zedong or Mao Tse-tung ( [ ˈmaʊ_dzəˈdʊŋ , _ zə - , _ - dɒŋ ] December 26 , 1893September 9 , 1976 ) , also known as Chairman Mao , was a Chinese communist revolutionary and founding father of the People 's Republic of China , which he governed as the Chairman of the Communist Party of China from its establishment in 1949 , until his death in 1976 . Born the son of a wealthy farmer in Shaoshan , Hunan , Mao adopted a Chinese nationalist and anti-imperialist outlook in early life , particularly influenced by the events of the Xinhai Revolution of 1911 and May Fourth Movement of 1919 . Russian . Russophone , Russian-speaking person ( русскоговорящий , русскоязычный , russkogovoryashchy , russkoyazychny )",Mao Zedong was Russian.,Neutral,modality
Fever13193,"John Fitzgerald `` Jack '' Kennedy ( May 29 , 1917 -- November 22 , 1963 ) , commonly referred to by his initials JFK , was an American politician who served as the 35th President of the United States from January 1961 until his assassination in November 1963 . Lee Harvey Oswald ( October 18 , 1939 -- November 24 , 1963 ) was an American former U.S. Marine who was arrested for the assassination of United States President John F. Kennedy on November 22 , 1963 .",Lee Harvey Oswald assassinated the 35th President of the United States.,Entailment,modality
Fever13274,"Gabourey Sidibe ( [ ˈɡæbəˌreɪ_ˈsɪdɪˌbeɪ ] ; born May 6 , 1983 ) is an American actress who made her acting debut in the 2009 film Precious , a role that brought her a nomination for the Academy Award for Best Actress .",Gabourey Sidibe is a citizen of the United States.,Neutral,modality
Fever13338,"Glee (TV series) . The pilot episode was broadcast on May 19 , 2009 , and the first season aired from September 9 , 2009 , to June 8 , 2010 . During its first season , Glee received generally favorable reviews from critics , with Metacritic 's weighted average of 77 out of 100 based on eighteen critical reviews . The season was nominated for nineteen Emmy Awards , four Golden Globe Awards , six Satellite Awards and fifty-seven other awards , with wins including the 2010 Golden Globe Award for Best Television Series -- Musical or Comedy , and Emmy awards for Jane Lynch , guest-star Neil Patrick Harris and Murphy 's direction of the pilot episode . In 2011 , the show once again won the Golden Globe for Best Television Series , and Jane Lynch and Chris Colfer won Golden Globes for Best Supporting Actress and Best Supporting Actor respectively , and Gwyneth Paltrow won the Emmy for Outstanding Guest Actress in a Comedy Series .",Glee was a fim.,Contradiction,modality
Fever13431,Anthony Charles Lynton Blair ( born 6 May 1953 ) is a British politician who served as Prime Minister of the United Kingdom from 1997 to 2007 and Leader of the Labour Party from 1994 to 2007 .,Tony Blair is an actor.,Neutral,modality
Fever13481,"Anderson Cooper . The program is normally broadcast live from a New York City studio ; however , Cooper often broadcasts live from CNN 's studios in Washington , D.C. , or on location for breaking news stories . In addition , he is a major correspondent for 60 Minutes . From September 2011 to May 2013 , he also served as host of his own eponymous syndicated daytime talk show , Anderson Live .",Anderson Cooper is a person.,Entailment,modality
Fever13626,Heather Miriam Watson ( born 19 May 1992 ) is a British tennis player and a Wimbledon Mixed Doubles Champion .,Heather Watson is a mother.,Neutral,modality
Fever13730,"George Timothy Clooney ( born May 6 , 1961 ) is an American actor , filmmaker , activist and philanthropist .",George Clooney is a cartoonist.,Neutral,modality
Fever13773,"Avril Ramona Lavigne ( [ ˈævrɪl_ləˈviːn ] [ avʁil laviɲ ] ) ( born 27 September 1984 ) is a Canadian singer-songwriter and actress . Goodbye Lullaby is the fourth studio album by Canadian singer and songwriter Avril Lavigne . Let Go is the debut studio album by Canadian singer-songwriter Avril Lavigne , released on 4 June 2002 . Under My Skin is the second studio album by Canadian singer-songwriter Avril Lavigne that was released through the RCA Records Label internationally throughout May 2004 .",Avril Lavigne is a musician.,Entailment,modality
Fever13912,"Emilio Estevez ( [ ɛˈmiljoʊ_ɛstˈɛbɛs ] born May 12 , 1962 ) is an American actor , director , and writer .",Emilio Estevez was born in a manger.,Neutral,modality
Fever14142,Miranda May Kerr ( born 20 April 1983 ) is an Australian model . Kerr rose to prominence in 2007 as one of the Victoria 's Secret Angels . Kerr was the first Australian Victoria 's Secret model and also represented the Australian department store chain David Jones .,Miranda Kerr was a Canadian Victoria's Secret model.,Contradiction,modality
Fever14294,"The Hulk is a fictional superhero appearing in American comic books published by Marvel Comics . Created by writer Stan Lee and artist Jack Kirby , the character first appeared in the debut issue of The Incredible Hulk ( May 1962 ) . Lee stated that the Hulk 's creation was inspired by a combination of Frankenstein and Dr. Jekyll and Mr. Hyde . Hulk is a 2003 American superhero film based on the fictional Marvel Comics character of the same name .",Hulk is a creation.,Entailment,modality
Fever15061,"The 1990 French Open was a tennis tournament that took place on the outdoor clay courts at the Stade Roland Garros in Paris , France . The French Open , often referred to as Roland-Garros ( [ ʁɔlɑ̃ ɡaʁɔs ] ) , is a major tennis tournament held over two weeks between late May and early June at the Stade Roland-Garros in Paris , France . The list of WTA number 1 ranked players shows the professional women 's tennis players who have been or currently are ranked world No. 1 by the Women 's Tennis Association , along with the dates of first reaching and losing that spot . Monica Seles . She went on to win eight Grand Slam singles titles before her 20th birthday and was the year-end world no. 1 in 1991 and 1992 .",Monica Seles played tennis.,Entailment,modality
Fever15372,"Penny Dreadful (TV series) . It premiered at the South by Southwest film festival on March 9 and began airing on television on April 28 , 2014 , on Showtime on Demand . The series premiered on Showtime on May 11 , 2014 , the first in an eight-episode season .",Penny Dreadful started in the 21st century.,Entailment,modality
Fever15539,"Doug Jones ( born May 24 , 1960 ) is an American actor and former contortionist known for roles in the science fiction , fantasy , and horror genres , often wearing heavy makeup to play nonhuman characters . He is perhaps best known for his collaborations with filmmaker Guillermo del Toro , starring in Mimic , as Abe Sapien in Hellboy and Hellboy II : The Golden Army , the Faun and the Pale Man in Pan 's Labyrinth , Crimson Peak and The Shape of Water .",Doug Jones is employed in the cinema business.,Neutral,modality
Fever15554,"`` Warm Leatherette '' is a song by Daniel Miller 's project The Normal , released in 1978 . Warm Leatherette is the fourth studio album by Grace Jones , released on 9 May 1980 by Island Records .",Warm Leatherette is by a Jamaican-born singer and it was released in 1980.,Neutral,modality
Fever15582,"Brad Falchuk . He is best known for co-creating with Ryan Murphy the comedy-drama television series Glee and the horror-drama anthology series American Horror Story and more recently Scream Queens . Glee is an American musical comedy-drama television series that aired on the Fox network in the United States from May 19 , 2009 , to March 20 , 2015 . In subsequent seasons , the main cast has expanded to fourteen and fifteen members .",Glee was a TV series.,Entailment,modality
Fever15602,"Estella Dawn Warren ( born December 23 , 1978 ) is a Canadian actress , fashion model , and former synchronized swimmer . Gemini (astrology) . Under the tropical zodiac , the sun transits this sign between May 21 and June 21 .",Estella Warren is a Gemini.,Contradiction,modality
Fever15889,"The American Broadcasting Company ( ABC ) is an American English language commercial broadcast television network that is owned by the Disney -- ABC Television Group , a subsidiary of the Disney Media Networks division of The Walt Disney Company . The fifth-oldest major broadcasting network in the world and the youngest of the Big Three television networks , ABC is often nicknamed as `` The Alphabet Network '' , as its initialism also represents the first three letters of the English alphabet , in order . Desperate Housewives is an American television comedy-drama and mystery series created by Marc Cherry , and produced by ABC Studios and Cherry Productions . It originally aired for eight seasons on ABC , from October 3 , 2004 to May 13 , 2012 . In 2007 , it was reported to be the most popular show in its demographic worldwide , with an audience of approximately 120 million and was also reported as the third most watched television series in a study of ratings in twenty countries .",Desperate Housewives is a tv series.,Entailment,modality
Fever16109,"Marshall Bruce Mathers III ( born October 17 , 1972 ) , known professionally as Eminem ( often stylized as EMINƎM ) , is an American rapper , record producer , and actor . Gemini (astrology) . Under the tropical zodiac , the sun transits this sign between May 21 and June 21 .",Eminem was a Gemini.,Contradiction,modality
Fever16396,"Thomas Anthony DeSimone ( May 24 , 1950 -- disappeared January 14 , 1979 ) , also known as Two-Gun Tommy or Tommy D , was a Sicilian-American gangster and associate of the Lucchese crime family in New York City .",Thomas DeSimone disappeared in Haiti.,Neutral,modality
Fever16416,"William Richard Tolbert Jr. ( May 13 , 1913 -- April 12 , 1980 ) was the 20th President of Liberia from 1971 until 1980 , when he was killed in a coup d'état led by Samuel Doe .",William R. Tolbert Jr. was killed.,Entailment,modality
Fever16465,"Miranda Taylor Cosgrove ( born May 14 , 1993 ) is an American actress , singer and songwriter .",Miranda Cosgrove is a race car driver,Neutral,modality
Fever16559,"Wynonna Ellen Judd ( [ waɪˈnoʊnə ] born Christina Claire Ciminella ; May 30 , 1964 ) is an American country music singer .",Wynonna Judd is involved in water aerobics.,Neutral,modality
Fever16740,"Green Day . For much of the group 's career , the band has been a trio with drummer Tré Cool , who replaced former drummer John Kiffmeyer in 1990 prior to the recording of the band 's second studio album , Kerplunk ( 1991 ) . John Kiffmeyer ( born July 11 , 1969 ) , known professionally in music as Al Sobrante , is an American musician , best known as the former drummer for the punk rock band Green Day . Frank Edwin Wright III ( born December 9 , 1972 ) , known professionally as Tré Cool , is a German-born American musician , drummer and composer , best known as the drummer for the punk rock band Green Day . He replaced the band 's former drummer , John Kiffmeyer , in 1990 as Kiffmeyer felt that he should spend more time towards college .",Tré Cool is the drummer for Green Day.,Entailment,modality
Fever16849,"David Schwimmer . After the series finale of Friends in 2004 , Schwimmer was cast as the title character in the 2005 drama Duane Hopwood . Friends ( stylized as F • R • I • E • N • D • S ) is an American television sitcom , created by David Crane and Marta Kauffman , which aired on NBC from September 22 , 1994 , to May 6 , 2004 , lasting ten seasons .","David Schwimmer finished acting in Friends on October 8, 2004.",Contradiction,modality
Fever16916,"Gennady Golovkin . As of May 2017 , he is ranked as the world 's best middleweight by BoxRec and the Transnational Boxing Rankings Board , and second best by The Ring . He is also ranked as the world 's third best boxer , pound for pound , by The Ring , fifth by BoxRec , and seventh by the Transnational Boxing Rankings Board . In his amateur career , Golovkin won a gold medal in the middleweight division at the 2003 World Championships .",Gennady Golovkin is a fencer.,Contradiction,modality
Fever17495,"Dennis Lee Hopper ( May 17 , 1936 -- May 29 , 2010 ) was an American actor , filmmaker , photographer and artist . He attended the Actors Studio , made his first television appearance in 1954 , and soon after appeared alongside James Dean in Rebel Without a Cause ( 1955 ) and Giant ( 1956 ) . Hopper made his directorial film debut with Easy Rider ( 1969 ) , which he and co-star Peter Fonda wrote with Terry Southern .",Dennis Hopper was a person.,Entailment,modality
Fever18131,"Sage Moonblood Stallone ( May 5 , 1976 -- July 13 , 2012 ) was an American actor , film director , film producer , and film distributor .",Sage Stallone was born in China.,Neutral,modality
Fever18453,"Laurence Kerr Olivier , Baron Olivier , ( [ ˈlɒrəns_kɜr_ɒˈlɪvieɪ ] 22 May 1907 -- 11 July 1989 ) , was an English actor who , along with his contemporaries Ralph Richardson and John Gielgud , dominated the British stage of the mid-20th century .",Laurence Olivier was in America.,Neutral,modality
Fever18571,"Gennady Gennadyevich Golovkin ( Геннадий Геннадьевич Головкин born 8 April 1982 ) is a Kazakhstani professional boxer who currently holds the unified WBA ( Super ) , WBC , IBF , and IBO middleweight titles . As of May 2017 , he is ranked as the world 's best middleweight by BoxRec and the Transnational Boxing Rankings Board , and second best by The Ring . He is also ranked as the world 's third best boxer , pound for pound , by The Ring , fifth by BoxRec , and seventh by the Transnational Boxing Rankings Board . He was elevated to WBA ( Regular ) champion in the same year , and in 2011 would win the vacant IBO middleweight title by defeating Lajuan Simon . After Canelo Álvarez vacated his WBC middleweight title in 2016 , Golovkin was elevated to full champion and now holds world titles by three of the four major boxing sanctioning bodies .",Gennady Golovkin is a squid.,Contradiction,modality
Fever18637,"The 2010 Davis Cup ( also known as the 2010 Davis Cup by BNP Paribas for sponsorship purposes ) was the 99th edition of the most important annual tournament among national teams in men 's tennis worldwide . The ATP World Tour Masters 1000 ( previously known as the ATP Championship Series , Single-Week , ATP Super 9 , Tennis Masters Series , and ATP Masters Series ) is the third highest tier of men 's tennis tournament after the four Grand Slam tournaments and ATP World Tour Finals . The French Open , often referred to as Roland-Garros ( [ ʁɔlɑ̃ ɡaʁɔs ] ) , is a major tennis tournament held over two weeks between late May and early June at the Stade Roland-Garros in Paris , France . Novak Djokovic . Djokovic 's records include breaking the single-season record with six masters titles in 2015 , winning 31 consecutive ATP World Tour Masters 1000 series matches , playing in the finals at all nine ATP Masters 1000 tournaments ( shared with Roger Federer and Nadal , and being the only player to win eight of the nine events ( and at least twice ) .",Novak Djokovic is an athlete.,Entailment,modality
Fever18837,"Grace Jones . In 1984 she made her first mainstream appearance as Zula in the fantasy-action film Conan the Destroyer alongside Arnold Schwarzenegger and Sarah Douglas , and subsequently appeared in the 1985 James Bond movie A View to a Kill as May Day . For her work in Conan the Destroyer , A View to a Kill , and Vamp , she was nominated for Saturn Awards for Best Supporting Actress .",Grace Jones performed in A View to Kill.,Entailment,modality
Fever19018,"Dennis Lee Hopper ( May 17 , 1936 -- May 29 , 2010 ) was an American actor , filmmaker , photographer and artist .",Dennis Hopper was an Australian.,Neutral,modality
Fever19182,"Love & Friendship is a 2016 period comedy film written and directed by Whit Stillman . Based on Jane Austen 's epistolary novel Lady Susan , written ca. 1794 , the film stars Kate Beckinsale , Chloë Sevigny , Xavier Samuel , and Stephen Fry . Although adapted from Lady Susan , the film was produced under the borrowed title of Austen 's juvenile story . The film premiered at the Sundance Film Festival in January 2016 . Theatrically released on May 13 , 2016 , by Roadside Attractions and Amazon Studios , the film received critical acclaim and has been a box office success in North America .",Love & Friendship is a commercial.,Contradiction,modality
Fever19411,"A parliamentary system is a system of democratic governance of a state where the executive branch derives its democratic legitimacy from its ability to command the confidence of the legislative branch , typically a parliament , and is also held accountable to that parliament . Countries with parliamentary systems may be constitutional monarchies , where a monarch is the head of state while the head of government is almost always a member of parliament ( such as the United Kingdom , Denmark , Sweden and Japan ) , or parliamentary republics , where a mostly ceremonial president is the head of state while the head of government is regularly from the legislature ( such as Ireland , Germany , India and Italy ) . Spain . Spain is a democracy organised in the form of a parliamentary government under a constitutional monarchy .",Spain is a country.,Entailment,modality
Fever19420,"Anthony Howard Goldwyn ( born May 20 , 1960 ) is an American actor , producer , director and political activist .",Tony Goldwyn is a German producer.,Neutral,modality
Fever19827,"Leati Joseph `` Joe '' Anoaʻi ( born May 25 , 1985 ) is an American professional wrestler , former professional Canadian football player and a member of the Anoaʻi family . Reigns is a three-time WWE World Heavyweight Champion , a one-time United States Champion , a one-time WWE Tag Team Champion ( with Rollins ) , the 2015 Royal Rumble winner and the 2014 Superstar of the Year .",Roman Reigns is a professional baseball player.,Neutral,modality
Fever19865,"Boris Nikolayevich Yeltsin ( [ ˈjɛltsɪn ] [ Бори́с Никола́евич Е́льцин , a = ru-Boris Nikolayevich Yeltsin.ogg , p = bɐˈrʲis nʲɪkɐˈlaɪvʲɪtɕ ˈjelʲtsɨn ] ( 1 February 1931 -- 23 April 2007 ) was a Soviet and Russian politician and the first President of the Russian Federation , serving from 1991 to 1999 . Vladimir Vladimirovich Putin ( ˈ ; born 7 October 1952 ) is the current President of the Russian Federation , holding the office since 7 May 2012 . He moved to Moscow in 1996 and joined President Boris Yeltsin 's administration , rising quickly through the ranks and becoming Acting President on 31 December 1999 , when Yeltsin resigned .",Vladimir Putin was President from 1997 to 2008.,Contradiction,modality
Fever20541,"Seattle . With an estimated 704,352 residents , Seattle is the largest city in both the state of Washington and the Pacific Northwest region of North America . In July 2013 , it was the fastest-growing major city in the United States and remained in the Top 5 in May 2015 with an annual growth rate of 2.1 % . In July 2016 , Seattle was again the fastest-growing major U.S. city , with a 3.1 % annual growth rate . A major gateway for trade with Asia , Seattle is the fourth-largest port in North America in terms of container handling .",Seattle is the largest person in the state of Washington.,Contradiction,modality
Fever20583,"Andrew G. Kaufman ( January 17 , 1949 -- May 16 , 1984 ) was an American entertainer , actor , writer , performance artist and professional wrestler .",Andy Kaufman was a savage.,Neutral,modality
Fever20618,"Daniel Edwin `` Danny '' Carey ( born May 10 , 1961 ) is an American drummer and instrumentalist best known for his work in American Grammy Award-winning progressive rock band Tool .",Danny Carey has no middle name.,Contradiction,modality
Fever20860,"Tiger Woods . After winning the Arnold Palmer Invitational on March 25 , 2013 , he ascended to the No. 1 ranking once again , holding the top spot until May 2014 .",Tiger Woods won the Palm Springs Invitational.,Neutral,modality
Fever21078,"Adele Laurie Blue Adkins ( [ əˈdɛl ] born 5 May 1988 ) is an English singer-songwriter . BRIT School . Established in 1992 under the CTC programme , the school is funded by the British Government with support from the British Record Industry Trust and maintains an independent school status from the local education authority .",BRIT School was founded in 1922.,Entailment,modality
Fever21494,"John Wayne Gacy Jr. ( March 17 , 1942 -- May 10 , 1994 ) was an American serial killer and rapist . He sexually assaulted , tortured and murdered at least 33 teenage boys and young men between 1972 and 1978 in Cook County , Illinois ( a part of metropolitan Chicago ) . All of Gacy 's known murders were committed inside his Norwood Park ranch house .",John Wayne Gacy Jr. was involved in crime.,Entailment,modality
Fever21519,"Heinrich Luitpold Himmler ( [ ˈhaɪnʁɪç ˈluˑɪtˌpɔlt ˈhɪmlɐ ] ; 7 October 1900 -- 23 May 1945 ) was Reichsführer of the Schutzstaffel ( Protection Squadron ; SS ) , and a leading member of the Nazi Party ( NSDAP ) of Germany .",The commander of the Schutzstaffel was Heinrich Himmler.,Neutral,modality
Fever21545,"Fergie (singer) . She began touring in 2009/2010 with her group and she launched her debut fragrance , Outspoken , under Avon in May 2010 and has since released three more fragrances .","Fergie has a dog called ""Outspoken"".",Neutral,modality
Fever22442,"Joseph Michael `` Joey '' Graceffa ( [ grəˈsɛfə ] born May 16 , 1991 ) is an American YouTube personality , actor , author , producer , and singer . He was a contestant on 22nd and 24th seasons of The Amazing Race and has appeared in short films ( as web films ) and short web television series on YouTube and its subscription-only service YouTube Red . YouTube is an American video-sharing website headquartered in San Bruno , California .","Joey Graceffa worked with a website headquartered in San Burno, California.",Entailment,modality
Fever22703,"Christopher Michael Settlemire ( born May 9 , 1985 ) , known professionally as Chris Zylka , is an American actor and model . The Leftovers (TV series) . The series stars an ensemble cast featuring Justin Theroux , Amy Brenneman , Christopher Eccleston , Liv Tyler , Chris Zylka , Margaret Qualley , Carrie Coon , Ann Dowd , and Regina King .",The Leftovers stars an actor.,Entailment,modality
Fever22916,"Carmelo Kyam Anthony ( born May 29 , 1984 ) is an American professional basketball player for the New York Knicks of the National Basketball Association ( NBA ) . While playing for Denver , he led the Nuggets to the playoffs every year from 2004 to 2010 , winning two division titles in that span .",Carmelo Anthony plays for a football team.,Neutral,modality
Fever22993,"Gemini (astrology) . Under the tropical zodiac , the sun transits this sign between May 21 and June 21 . Thomas Andrew `` Tom '' Felton ( born 22 September 1987 ) is an English actor .",Tom Felton is a Gemini.,Contradiction,modality
Fever23222,"Glee (TV series) . The pilot episode was broadcast on May 19 , 2009 , and the first season aired from September 9 , 2009 , to June 8 , 2010 . Glee (season 6) . The final season , consisting of 13 episodes , premiered on Friday , January 9 , 2015 , with the first two episodes , and the last two episodes ( functioning as a single series finale ) aired on March 20 , 2015 .","Glee's last season was ordered on April 19, 2013.",Neutral,modality
Fever24325,"Glee is an American musical comedy-drama television series that aired on the Fox network in the United States from May 19 , 2009 , to March 20 , 2015 . The pilot episode was broadcast on May 19 , 2009 , and the first season aired from September 9 , 2009 , to June 8 , 2010 . During its first season , Glee received generally favorable reviews from critics , with Metacritic 's weighted average of 77 out of 100 based on eighteen critical reviews . The season was nominated for nineteen Emmy Awards , four Golden Globe Awards , six Satellite Awards and fifty-seven other awards , with wins including the 2010 Golden Globe Award for Best Television Series -- Musical or Comedy , and Emmy awards for Jane Lynch , guest-star Neil Patrick Harris and Murphy 's direction of the pilot episode . In 2011 , the show once again won the Golden Globe for Best Television Series , and Jane Lynch and Chris Colfer won Golden Globes for Best Supporting Actress and Best Supporting Actor respectively , and Gwyneth Paltrow won the Emmy for Outstanding Guest Actress in a Comedy Series .",Glee was a fim.,Contradiction,modality
LING5,But laws pertaining to child-rearing are surprisingly marriage-neutral.,All laws regarding People's right to child custody mandate parents must be married.,Contradiction,modality
LING185," I have never seen a trial before where you had factual disputes where you didn't have witnesses where you could watch their demeanor on the stand, listen to them, judge one witness vs. another witness (DeWine).",A trial had witnesses on the stand,Entailment,modality
LING320,"(Countering a question about tackiness, Dexter says, You should see what we turned down--'I Have a Dream' ice cream, Martin Luther King pocketknives.","Dexter laughed at the idea of ""I have a dream"" ice cream.",Neutral,modality
LING379,"On the other hand, Fish never claimed to be right.",Fish admitted he might be wrong.,Entailment,modality
LING389,"Tudjman, who is fond of Il Duce-type uniforms, rigged the parliamentary elections so that his nationalist party, HDZ, could not lose.","Not to play devil's advocate but, Mussolini was the main inspiration for Tudjman, since he was a young politician.",Neutral,modality
LING399,"Most Falwell-style Christians would probably say yes, since the Antichrist is a false Messiah, he'll have to be Jewish, like Christ himself.",Falwell-style Christians believe Christ was Jewish,Neutral,modality
LING406,"Hersh's information may be damning, they say, but it is unverifiable and irrefutable.",They say his information is not worth considering.,Neutral,modality
LING564,"Now it appears that he may have been simply assuring himself she really was dead, at least according to three of Wynette's daughters, who have filed a $50 million wrongful death suit against Richey and a doctor.",Richey and the doctor denied having committed any wrongful acts against Wynette during the trial.,Neutral,modality
LING574,"After I finished this worthy and dull book, a distressing thought came to  Its banality might be the fault neither of the judge nor of the legal profession.",The reader kept reading the book to the end.,Entailment,modality
LING640,They may prevent you from associating with the senator at an exclusive cocktail party for lobbyists and other large givers--but that's the whole idea.,Several convicted felons will be allowed to interact closely with the unguarded president and special interest groups.,Contradiction,modality
LING768,"This passage could easily belong to a piece of nonfiction--to one of the witty old Letters from Europe that used to run in The New Yorker . And in fact, in the best of these character studies, a vivid picture of Cold War Europe--infected with mediocre rhetoric, imprisoned by fake boundaries, inhabited by numb and ambivalent people--begins to take shape.",The New Yorker halted the Letters from Europr column.,Neutral,modality
LING955,Like my real name couldn't be Pierre LeCluck.,My name could possibly be Pierre LeCluck.,Entailment,modality
LING1011,"Twenty-five years ago, Pennsylvania pinball machines displayed this  for entertainment purposes only.",Pinball machines could be used for gambling.,Neutral,modality
LING1017,", bomb) in furtherance of a crime of violence that may be prosecuted in a federal court.",A crime committed involving a bomb will be prosecuted like any other crime.,Contradiction,modality
LING1031,"Other candidates may be sexier at this hour, but once we go through the battering of New Hampshire and Iowa it might be a different story, says Connors.",New Hampshire and Iowa often change one's thoughts.,Neutral,modality
LING1045,"Right now, I'd settle for a creative genius who could teach us how to think about the population problem.",There is a genius alive right now who can help us with this.,Neutral,modality
LING1069,"Sure, there may be life on other planets--if you call that life.",No question about it there is life on other planets.,Neutral,modality
LING1147,"Or Morris could have contacted Dorothy Healey, who was the chair of the Southern California Communist Party during the '40s.",Dorthey Healyey knew Morris.,Neutral,modality
LING1187,"Appealing as that position might sound, it's also suspiciously incoherent.",It is wrong to appeal to that position.,Entailment,modality
LING1191,They may prevent you from associating with the senator at an exclusive cocktail party for lobbyists and other large givers--but that's the whole idea.,Lobbyists and large doners have easier access to Senators,Entailment,modality
LING1194,"Consider  Only 13 nations participated in 1896, but there were 172 in 1992.","There were actually more nations in 1992 that could have participated,",Neutral,modality
LING1384,"It's OK, Leo Strauss Was a Devoted  Someone should slip Kenneth Starr a tape of this week's This Week , where Kristol admits to being eliminated from the office NCAA pool.",Someone probably slipped Kenneth Starr a tape of this week's This Week.,Neutral,modality
LING1402,"Exempted from Novak's observation might be executives at Reebok, who last year professed to have been unaware of connotations associated with the name they gave to a new women's running  Incubus.",Reebok intentionally gave the she a provocative name.,Contradiction,modality
LING1522,"It draws sidelong glances and playground taunts, and it may give the adopted child an identity crisis.",The adopted child bullies everyone on the playground.,Contradiction,modality
LING1529,"Programmers are furiously debugging old software, so we're likely to avoid catastrophic shutdowns of electrical grids, banks, air-traffic computers, medical equipment, and the like.","Catastrophic shutdowns of electrical grids, banks, air-traffic computers, medical equipment, and the like will now be avoided for years.",Neutral,modality
LING1651,"But, said De Long and Lang, out of 78 true hypotheses, surely there should be at least a few that are overwhelmingly confirmed.",The hypotheses that Lang believes are majorly confirmed are false.,Contradiction,modality
LING1830,"Today, a letter writer who once interviewed the spy claims that to the dead man's knowledge, U.S. authorities never approved Diem's assassination.","Today, a spy claimed that to the dead man's knowledge, when interviewed by a letter writer, that the U.S. authorities might have approved Diem's assassination.",Neutral,modality
LING2125,"The largest Republican constituency may be the Tight-Lipped Republicans . These folks, who include old-timers such as Virginia's John Warner, Alaska's Ted Stevens, and Mississippi's Thad Cochran, are as annoyed by the president as the next guy.",Republicans avoid criticizing the president because he is from their party.,Neutral,modality
LING2223,The agonized expression on his face looks like a kind of rapture.,You could see the pain written all over his face and he looked miserable.,Contradiction,modality
LING2407,"There must be that between them, she thought.",She had a secret from them.,Contradiction,modality
LING2438,Or he may  You're in the wrong place.,It was difficult to tell if they were in the correct place.,Neutral,modality
LING2586,But real competition should be the 20 th -anniversary gift bestowed on these fair-weather friends of deregulation.,The friends of deregulation have been given many gifts in past anniversaries.,Neutral,modality
LING2644,The Amman fiasco could cost both Israel and Mossad.,Amman was a costly failure,Entailment,modality
LING2692,"Critics also suggested that, with their salaries and stock wrapped up in the same company, employees were putting too many eggs in one basket.",Employers should sell eggs to stockholders.,Contradiction,modality
LING2744,Time explains why the anti-sweatshop movement is growing on college  The AFL-CIO has jump-started the protests by lavishing student activists with internships and trips to countries with poor working conditions.,College students could care less about sweatshops.,Contradiction,modality
LING2748,"And when GS asks, who is to stop congress from spending too much money.",It is possible that congress will overspend.,Entailment,modality
LING2824,"The 17-year-old Jess Gupta (male student), for example, is listed as a housewife in another filing.",Jess Gupta may be gay.,Neutral,modality
LING2859,Henry liked flowers that could make a lady squeal.,Henry liked to make a girl squeal with happiness by giving her things that she likes.,Entailment,modality
LING2913,How could the Mormons have practiced polygamy?,The Mormons practiced polygamy.,Neutral,modality
LING3029,"Investors can decide not only that Microsoft owes its success to the abuse of monopoly power, and not only that the courts will strip the company of this ability, but that Microsoft doesn't know any other way to survive.",Investors should  pull their money out of Microsoft due to the negative information.,Neutral,modality
LING3043,He's obviously spending too much time online.,They thought he should be spending more time online.,Contradiction,modality
LING3150,"Thanks to this blurring of the victim-perpetrator distinction, Ted's nephew Joe was able to get elected to Congress despite his own car accident, which likewise devastated his passenger, four years after Chappaquiddick.",Having a car accidents with serious consequences could have been a cause for Joe not to be elected in the Congress,Entailment,modality
LING3157,It might be desirable for me to say nothing.,The person isn't thinking about their decisions.,Contradiction,modality
LING3330,", I'm with you (thought I must admit Merchant of Venice ain't my all-time favorite.",The author has seen Merchant of Venice,Entailment,modality
LING3364,"The product itself won't be in stores until summer, so it's way too early to know how the shaving public will respond.","The product should hit stores by the summer months of June, July, and August.",Entailment,modality
LING3524,(The magazine's own take is more  There will be minor glitches but not wholesale societal collapse.),Society may collapse one day.,Neutral,modality
LING3588,"With a little luck, by the time I contract a fatal disease, I'll already be dead.",It's likely the author will get a fatal disease long before death.,Contradiction,modality
LING3751,We must make do with the public domain.,We have access to copyrighted material,Contradiction,modality
LING3772,"They were all slaves, weren't they?",They might have all been slaves,Entailment,modality
LING3818,"When asked whether the United States should oppose loans to Russia because of the war, Berger replies, It's a premature question   because the predicate question is whether they get the economic reforms in order, at which point we'll have to look at what's in our national interest.",The United States and Russia are in a war together.,Neutral,modality
LING3904,"Critics say expansion could be another Yalta (the 1945 meeting at which Roosevelt, Churchill, and Stalin agreed on spheres of influence in postwar Europe)--imposing a line between East and West, and leaving nonmembers subject to Russian bullying.",There is little added protection from joining NATO.,Contradiction,modality
LING4127,"Equity options themselves aren't the problem--they have legitimate uses--and without the ability to lock in positions that equity options offer, certain folks might not be in the equity market in the first place.",Equity options are rarely legitimate for the consumer.,Contradiction,modality
LING4236,"This program should be expanded, perhaps with incentives for police to live in the neighborhoods they patrol full time.",The program will expand to inculde police.,Neutral,modality
LING4423,"But otherwise, so long as his religious convictions, no matter how weak or strong they may be, are not geared toward the outright oppression or destruction/neglect of those who fail to share his views, they should not matter, and warrant no scrutiny.",He doesn't judge people to harshly who have different religious ideas than his own.,Neutral,modality
LING4550,"Tim, we never should have got into this quagmire, but now we have no choice but to ...",They have choices for getting out of the predicament.,Contradiction,modality
LING4579,"Can I, should I, even, expect her to change?",She has already changed,Contradiction,modality
LING4607,In that case the big loans organized a few months ago could have made the difference.,The loans that were big would make the difference.,Neutral,modality
LING4726,"Had Apple allowed Compaq, Hewlett-Packard, perhaps even IBM to build hardware running the Mac OS, it might very well have seen its software become the industry standard.","Apple gave permission to a few companies, such as IBM and HP, to produce hardware running their operating system.",Contradiction,modality
LING4750,How do we tell them to get out of our house without causing family problems?,It could be possible to ask people to leave without having family issues.,Neutral,modality
LING4847,"You can make an argument that intelligence is an extremely unlikely, random, quirky event in terrestrial biology, or you can make the counter-argument that you can see intelligence coming down the pike from many millions of years in advance.","Intelligence has many explanations and possibilities, including odd.",Entailment,modality
LING4905,"Time also runs a disturbing report from Baghdad, where Iraqi commando units proved their battle-readiness by gutting a live dog on television while chanting, Our God, our nation, our leader!",Iraqi commando units may have a hard time escaping any reports from the news media.,Neutral,modality
LING4919,"Exempted from Novak's observation might be executives at Reebok, who last year professed to have been unaware of connotations associated with the name they gave to a new women's running  Incubus.",High ranking employees of a shoe company are not being looked into.,Neutral,modality
MNLI210,"In fact, the sole purpose of his piece was to continue the media assault on Tripp as some kind of back-stabbing dragon lady whom we should all view with disgust and loathing.",Tripp actually rode a dragon but the media ignored that and focused on her testimony in court instead.,Contradiction,modality
MNLI843,It's left vague just when Bergman decided that Wigand was important not for what he might say about that report but about the industry as a whole.,No one is sure when Bergman decided Wigand didn't matter.,Contradiction,modality
MNLI1106,"The book ends with a reflection on the argument between those intellectuals who advocate an organic relationship with the black community and those who aspire to transcend ethnic considerations, suggesting, affably, that the choice must be left, in our individualist culture, for each of us to make for ourselves.",The book ends with the argument ,Neutral,modality
MNLI1246,It requires systems and practices and mindsets and commitments that may be foreign to many other non-profit providers of human services.,It is imperative that non-profit providers of human services use foreign practices and mindsets in order to work. ,Neutral,modality
MNLI1797,"In April 2001, the Director of Congressional Affairs for the Foreign Service Officers Association told us that the Association would support legislation that would allow federal employees to keep for personal use frequent flyer miles earned on official travel.",The retained frequent flyer miles may be redeemed for cash value.,Contradiction,modality
MNLI1931,well given the Rangers' history they'll probably trade him,He will almost definitely end up being traded,Neutral,modality
MNLI2041,"Recognizing that certain types of proposed service innovations merit consideration under specialized procedures, the Commission has adopted several sets of rules that are customized for defined categories of Postal Service requests.",Certain types of proposed service innovations should be considered by the USPS.,Neutral,modality
MNLI2189,Microsoft may be right in claiming that it has done nothing wrong.,Microsoft has engaged in questionable behavior and is being probed. ,Neutral,modality
MNLI2222,"Although Arizona Democrats would probably be the largest group affected by any potential Net voting fraud or security breach, the campaigns for Bill Bradley and Al Gore would also presumably be affected.", Bill Bradley and Al Gore are the only others to be affected by Net voting fraud besides the Arizona Democrats.,Neutral,modality
MNLI2337,"There should be a little altruism in everyone's life, McCurry said, and a few stock options.",Stock options are a good idea.,Neutral,modality
MNLI2361,"On behalf of the Harvard Square respondents, it must be said that ignorance was masked by a bravura self-confidence.","Nobody is sure what a bravura is, but doctors are hopeful it can be removed.",Neutral,modality
MNLI2668,"With its cobblestone courtyard, it looks like a picturesque country pub, and seems to be a must for every visitor.",A looks like a country pub with a cobblestone courtyard.,Entailment,modality
MNLI2745,"The National Academy of Sciences, in their report on research priorities for PM (NAS, 1998), indicates that there is a great deal of uncertainty about the implications of the findings [of an association between PM and premature mortality] for risk management, due to the limited scientific information about the specific types of particles that might cause adverse health effects, the contributions of particles of outdoor origin to actual human exposures, the toxicological mechanisms by which the particles might cause adverse health effects, and other important questions.",The National Academy of Sciences reported on research proirities for PM.,Entailment,modality
MNLI2746,"Although the main building is not open to the public, the official residence of the Portuguese government may be visited by prearranged, guided tours.",It's not unusual for tour guides to sneak into the Portugese government's official residence.,Neutral,modality
MNLI3403,Greece took this opportunity to absorb the islands of the northern and eastern Aegean and to add Macedonia to its mainland territories.,Greece could absorb the islands of the northern and eastern Italy and took this opportunity.,Contradiction,modality
MNLI3423,"These Year 2000 conversion efforts are often conducted under severe time constraints that, without adequate management attention, could result in a weakening of controls over the integrity of data and programs and over the confidentiality of sensitive data.",The severe time constraints on the Year 2000 conversion efforts should have absolutely no effect on the confidentiality of sensitive data.,Contradiction,modality
MNLI3449,"He should have had the sense to call the president names in private, says the smart set.",He only talked about the president in private.,Contradiction,modality
MNLI3648,"'I may be wearing this skin, but you're the real Benjamin Franklin.","You are the true Franklin, no matter how I am dressed.",Neutral,modality
MNLI3661,just so i could see the trees and the fall and such a pretty time,The trees looked wonderful.,Neutral,modality
MNLI3667,"The Los Angeles Times sees it as the latest sign that Republicans, having made sure that Democrats didn't oust Gingrich, may do so themselves.",The Republicans used to be interested in keeping Gingrich around.,Entailment,modality
MNLI3903,uh-huh where about,Someone must know where it is.,Neutral,modality
MNLI3932,oh i don't know i guess my husband got a letter at the office i i presume and they must have been asking does your husband work with TI,I think they sent a letter to my husband to find out if your husband works for TI.,Entailment,modality
MNLI3961,oh yeah sure now how many could you serve,How many servings does that make?,Entailment,modality
MNLI4214,"It will be especially helpful to inexperienced FashionSense users, many of whom are likely to encounter usability issues related to the color-coordination decision-making process.",They have no knowledge of the fashion sense.,Neutral,modality
MNLI4537,"You there Rennie! Drew saw the involuntary spasm of Don Cazar's lips, the shadow of an expression which might mean he anticipated a distasteful scene to come.",Drew knew Don Quixote.,Contradiction,modality
MNLI4544,Even NASA's most enthusiastic supporters must admit that the early promise of this program has been unfulfilled.,NASA's supporters have always maintained that it was a funding issue.,Neutral,modality
MNLI4699,"Drew refused several offers for the colt, some of them so fantastic he could only believe their makers sun-touched or completely carried away by the excitement of the race.",Drew accepted an offer for the horse.,Contradiction,modality
MNLI4816,you could not,You should.,Contradiction,modality
MNLI5046,as as perhaps they are,they very well could be,Entailment,modality
MNLI6248,that uh they should vote it one way or the other so maybe it is worth having that extra little or going to the the very farthest uh safeguard that can be done and uh,It's worth having extra because it might not get voted.,Neutral,modality
MNLI6263,"Estimates of Scheck's fee in the nanny trial range from $100,000 to $300,000.","It is estimated that the trial will cost Scheck from $1000,000 to $300,000, which she could easily afford.",Neutral,modality
MNLI6658,Jon placed a hand on San'doro's shoulder and stood.,San'doro picked up Jon so he could stand. ,Contradiction,modality
MNLI7245,One wonders whether the dark and shadowy world of his photographs might have had some association in his mind with the ambivalence he felt toward the Jews he posed in such excruciating positions.,One wonders if his history of being a circus clown effected his photography.,Contradiction,modality
MNLI7613,Depending on the decision to co-locate personnel and the flexibilities ultimately provided to the Administration in legislation--in particular a broad grant of transfer authority and the ability to staff through non-reimbursable agreements with other agencies-- these estimates may well change.,The decision will set whether these estimates may change or not.,Entailment,modality
MNLI7623,Why should a ruling elite give up power because the gross national product is declining or because the country is falling behind technologically?,The ruling elite dictate the national economy.,Neutral,modality
MNLI7628,"How, a coincidence? 58 ""That my mother should have made a will on the very day of her death!"" Mr. Wells cleared his throat and remarked drily: ""Are you so sure it is a coincidence, Cavendish?""",It was very suspicious that she made a new will on the day that she died.,Neutral,modality
MNLI7646,involved in the design phase and a construction contractor in the,Contractor should be involved ,Neutral,modality
MNLI7997,A risk-neutral person is one who is indifferent when given a choice between 50 cents and a 50-50 chance of $1.,A person may have no preference between two offers.,Entailment,modality
MNLI8115,"4 The proposed rule was published in the Federal Register on May 31, 1996; HCFA stated that it would consider comments received by July 31, 1996.",The new emissions rule was published in May of 1996. ,Neutral,modality
MNLI8168,"It sat like a ball on a  Ultimately, it had to roll down one side of the hill and collapse into democracy, or roll the other way and devolve into the personality-cult despotism of a local tyrant.",It may not end up as a democracy.,Neutral,modality
MNLI8241,The amount should be equal in absolute value but with the opposite sign to the gain or loss recognized by the revolving fund or trust revolving fund.,The value is large and there must be a sort of error. ,Neutral,modality
MNLI8593," ""You sure musta pulled outta th' war better'n th' rest of us poor Rebs.",You must have died in the war. ,Contradiction,modality
MNLI8691,"I could not help rejoicing that, for once, one of his ""little ideas"" had come to naught. ",The author is happy that the idea did not come to fruition.,Entailment,modality
MNLI9092,We have observed that many more clients receive some assistance when technologically sophisticated intake systems are installed.,Advanced intake systems must be installed to assist more clients.,Neutral,modality
MNLI9291,7 Section 4 discusses in more detail how federal fiscal policy affects national saving.,The federal fiscal policy may affect national saving in many ways.,Neutral,modality
MNLI9535,greatest banana cream pie and it was was uh you could take it home it was was just it was so popular it was great stuff and now now my mouth mouth's watering i'm beginning to think about that yeah the uh yeah twenty dollar that's,The banana cream pie was the greatest and can be taken home.,Entailment,modality
MNLI9859,The boots of Albert continued to be active on the floor above.,Albert could be heard walking on the floor above. ,Entailment,modality
MNLI9929,"In the light of the candles his cheeks looked even more hollow tonight, and he moved stiffly as might a man who was not only bone-tired in body, thought Drew, but weary in mind as well.",The candle light made the man appear even more robust.,Contradiction,modality
ANLI1642,"Mr. Speaker, for two years the Canadian government has been engaged in secret negotiations on the multilateral agreement on investment, an agreement which goes well beyond the provisions of NAFTA in ceding power to multinationals and threatens to diminish even further the rights of nations to direct their own economies, provide safe and decent working conditions and protect the environment for future generations.",The concord is within NAFTA regs.,Neutral,comparatives|quantifier_scope
ANLI3719,"How to create a strong email marketing campaign<br>Determine the purpose of your email marketing campaign. Common reasons for undertaking such a project include introducing a new product or service, offering discounts to boost sales or to move excess products, or further constructing your brand and getting your name out to more and more potential buyers. Put together a mailing list of possible customers.", The best way to conduct an email marketing campaign is just to wing it. Make a list of customers. Bugging people is a great way to get a following. Email marketing originated in the nineteen eighties,Contradiction,comparatives|quantifier_scope
ANLI3802,"The Big 12 Conference is a ten-school collegiate athletic conference headquartered in Irving, Texas. It is a member of the NCAA's Division I for all sports; its football teams compete in the Football Bowl Subdivision (FBS; formerly Division I-A), the higher of two levels of NCAA Division I football competition. Member schools are located in Iowa, Kansas, Oklahoma, Texas, and West Virginia.",There are no members from New York,Entailment,comparatives|quantifier_scope
ANLI3999,"A New Puppy Vanished<br>Briana had just gotten a new puppy for her birthday that morning. She was playing with him happily in the yard. Suddenly out of nowhere, the puppy darted out into the woods. She was worried she would never see him again. Luckily the next morning he was found curled up on their porch.",The puppy was for being a year older,Entailment,comparatives|quantifier_scope
ANLI4002,"YouTube user Streetcap1 posted a series of pictures taken from Chinese lunar rover Change’e 3. It appears to have a distinguishable face as well as a body and limbs, while lying in front of a rock. After posting the clip to YouTube, Streetcap1 said: “All body parts are in the correct place here and the head looks like it is wearing a helmet with a visor. “You can see what look like hands at the sides.",YouTube user Streetcap1 posted a series of pictures taken from Chinese lunar rover Change'e 4. ,Contradiction,comparatives|quantifier_scope
ANLI4510,How to avoid being assaulted in the street<br>Be fully aware of your surroundings. People who are visibly distracted by their cell phones become easy targets for pickpockets and other criminals. Keep an eye on what is going on around you at all times so that you can better detect suspicious activity and protect yourself and your belongings.,The state of being distracted can be perceived through visual senses.,Entailment,comparatives|quantifier_scope
ANLI4532,"Rye St Antony School is an independent Roman Catholic boarding and day school for girls aged 3 to 18 and boys up to age 8 in Headington, Oxford, England. It is commonly abbreviated and referred to by both pupils and staff as 'Rye'. Rye is unique as a girls’ independent Catholic school founded by lay women rather than by a religious order.",Rye St Antony School does not allow 9 year old boys.,Entailment,comparatives|quantifier_scope
ANLI6117,"And as for this idea of nation building, the phrase sounds grandiose. And, you know, we can't be -- we can't allow ourselves to get overextended. I certainly agree with that. And that's why I've supported building up our capacity. I've devoted in the budget I've proposed, as I said last week, more than twice as much as the governor has proposed.",The governor has proposed twice as much nation building.,Contradiction,comparatives|quantifier_scope
ANLI6266,"A gunman has killed at least nine people in a series of shootings across two towns in the southern US state of Alabama before killing himself. Officials say there were at least four separate shooting incidents. The gunman fired on homes, a petrol station, shops and vehicles in Samson and Geneva near the Florida border.  Five people - including a child - were killed in one home. Several of the victims are believed to have been members of the gunman's family.  The gunman has not been formally identified, but was named in the local press as Michael McLendon.",There are at least less than ten people killed.,Entailment,comparatives|quantifier_scope
ANLI6349,"How to view fall foliage<br>Consider the timing of the peak foliage in autumn. The fall color season usually runs from late september to mid-october. [substeps] Fall foliage is determined by a number of factors, including shorter days, colder nights and the amount of moisture in the ground.",Fall color is not dependant on rainfall.,Contradiction,comparatives|quantifier_scope
ANLI6514,"Philippine President Gloria Macapagal Arroyo, Singapore's Prime Minister Lee Hsien Loong, Brunei's Sultan Hassanal Bolkiah, Indonesian Vice President Jusuf Kalla and Thai Deputy Prime Minister Surakiart Sathirathai were among foreign dignitaries flying in for Endon's funeral later Thursday. Thousands of people filed past Endon's body, which lay in state wrapped in white linen on a table while Muslim clerics recited verses from the Quran.",Jusuf Kalla is not the Philippine President ,Entailment,comparatives|quantifier_scope
ANLI6854,"A shared zone is an implementation of a living street in Australia and New Zealand, where pedestrians, cyclists and motorised traffic share the same road space. Special rules and speed limits apply for shared zones. Shared zones are related, but not automatically the same as shared space, which is a somewhat wider concept including elements such as urban design.",Shared zones take urban design into account.,Neutral,comparatives|quantifier_scope
ANLI6893,"The three drive-ins nearest to Madison, all less than an hour's drive, are: Big Sky Twin Drive-In Theatres in Wisconsin Dells, Highway 18 Outdoor Theatre, near Jefferson, and Sky-Vu Drive-In, near Monroe.",From Madison it takes less than 5 hours to drive to.,Entailment,comparatives|quantifier_scope
ANLI7401,"Saint is an American Christian metal band, first active in the mid-1980s, releasing their first album ""Warriors of the Son"" in 1984. Common themes of Saint's music include hell, evil, and apocalyptic themes such as the End times. In 2010, ""HM magazine"" ranked the band's albums ""Time's End"" and ""Hell Blade"" among Top 100 Christian metal albums of all time list on No. 67 and No. 46 respectively.",Hell Blade charted higher than Time's End.,Entailment,comparatives|quantifier_scope
ANLI8383,"What I began to do was to envy the doctor walking in the cool shadow of the woods with the birds about him and the pleasant smell of the pines , while I sat grilling , with my clothes stuck to the hot resin , and so much blood about me and so many poor dead bodies lying all around that I took a disgust of the place that was almost as strong as fear .",The doctor was just going for a walk when all this took place.,Neutral,comparatives|quantifier_scope
ANLI9968,"Chuck Wright is an American bassist, graphic designer and show producer, best known as a member of multi-platinum heavy metal band Quiet Riot. He originally joined Quiet Riot in 1982, playing bass on the tracks ""Metal Health (Bang Your Head)"" and ""Don't Wanna Let You Go,"" as well as singing background vocals on all the tracks from the 1983 hit album, ""Metal Health"".",Chuck Wright was one of many background singers for Quiet Riot.,Neutral,comparatives|quantifier_scope
ANLI10295,"Bilbao Arena is an indoor arena in the neighbourhood of Miribilla in Bilbao, Spain. The central hall can hold up to 10,014 people for basketball games. The central hall is also used for concerts and other kinds of shows. The facilities also include swimming pools and gymnasiums for the use of the local residents.","The central hall cannot hold more than 10,014 people for basketball games.",Entailment,comparatives|quantifier_scope
ANLI10300,"Honourable senators, for all of these reasons, and I have canvassed but a few, I feel it is our duty to urge that this bill be referred back to the committee so that the committee can examine three or four further witnesses - publishers, the advertisers, a few constitutional lawyers and a cost analyst, in terms of the publishing fund.",A few constitutional lawyers would be examined,Entailment,comparatives|quantifier_scope
ANLI11169,"How to take care of ducklings<br>Find a brooding box. After ducklings have hatched from their shells and spent about 24 hours getting used to their new surroundings, they're ready to move to a brooder. A plastic storage container, sturdy cardboard box, or large glass aquarium can all work for this purpose.",weak cardboard is better than sturdy,Contradiction,comparatives|quantifier_scope
ANLI11627,"YAKIMA, WA - The Yakima Valley Farm Workers Clinic is looking to teach you and your family about healthier eating habits. They are hosting an event Tuesday called Food + Fun = Health. It is all part of an effort to fight obesity here locally. Doctors with the organization say changing the way we eat is also critical to avoiding bigger medical issues. ""Please come, because it will be fun and it will be a great opportunity for family education that will benefit your life,"" Dr. Thatcher Felt, Pediatrician YVFWC said. The event starts at 5:30 Tuesday at the Grandview Library.",Some medical values are big.,Neutral,comparatives|quantifier_scope
ANLI11757,"Thomas Gordon was there , sitting alone in his long , empty pew near the top of the building ; and Neil Gordon sang in the choir which occupied the front pew of the gallery .<br>He had a powerful and melodious , though untrained voice , which dominated the singing and took the colour out of the weaker , more commonplace tones of the other singers .<br>He was well-dressed in a suit of dark blue serge , with a white collar and tie .<br>But Eric idly thought it did not become him so well as the working clothes in which he had first seen him .",Eric thought Neil looked better in work clothes rather than dress clothes.,Entailment,comparatives|quantifier_scope
ANLI12406,"But the first and most important thing is to start creating jobs in America. The jobs the president is creating pay $9,000 less than the jobs that we're losing. And this is the first president in 72 years to preside over an economy in America that has lost jobs, 1. 6 million jobs.",Jobs are being lost in America under the president,Entailment,comparatives|quantifier_scope
ANLI12826,"But the first and most important thing is to start creating jobs in America. The jobs the president is creating pay $9,000 less than the jobs that we're losing. And this is the first president in 72 years to preside over an economy in America that has lost jobs, 1. 6 million jobs.",Economic growth is the most important focus for the Commander in Chief of the Land of the Free and the Home of the Brave. ,Entailment,comparatives|quantifier_scope
ANLI12887,"So I'm inclined to accept this language, you know, not word for word, only to the extent where it states, rather generically, ""wherein an affidavit is provided,"" I would take that sentence and simply say that affidavits have been provided, rather than ""wherein."" It's somewhat artificial or a little strained as it relates to this case.","""Wherein an affidavit is provided"" is very specific language.",Contradiction,comparatives|quantifier_scope
ANLI14209,"Then Mr. Weasel knew that it was no longer of use to pretend that he was what he was not , and he boldly joined the bigger animals in hunting the smaller ones .<br>It makes most people angry to be caught in wrongdoing and it was just that way with Mr. Weasel .",Mr. Weasel is a fictional character.,Entailment,comparatives|quantifier_scope
ANLI14273,"2 seriously wounded in Grand Crossing shooting Two men were seriously wounded in a shooting Thursday evening in the Grand Crossing neighborhood on the South Side. The men — ages 28 and 39 — were shot at by someone inside a vehicle that pulled up to them at 6:11 p.m. in the 7300 block of South Dante, Chicago Police said. The older man was shot in his face and taken to Northwestern Memorial Hospital in serious condition, police said. The younger man took himself to Jackson Park Hospital with a gunshot wound to his shoulder in serious condition.",The men were shot at from inside a building they were walking past.,Contradiction,comparatives|quantifier_scope
ANLI14585,"Chris Fox, CTV Toronto A man was rushed to hospital in life-threatening condition after a stabbing near the Rogers Centre overnight. Police say that they were called to the Lower Simcoe Street and Bremner Boulevard area at around 2:40 a.m. for reports of a fight. Once on scene officers located a 20-year-old man with stab wounds. Police say that the man was able to provide a good description of the culprit and as a result, officers were able to arrest someone nearby. The victim was treated on scene before being rushed to hospital, according to police.",The man did not die on scene,Entailment,comparatives|quantifier_scope
ANLI14694,"How to breathe during labor<br>Start with two breaths to one "" blow. "" a basic slow breathing pattern is breathing in twice to every single time you breathe out. It's a quicker breathing pattern than how you breathe normally, about twice as fast as normal.",A slow breathing pattern is breathing in twice and dreaming of a vacation.,Contradiction,comparatives|quantifier_scope
ANLI14971,"Having a hemisphere that is free for trade and peaceful is in our nation's interests. Strong relations in Europe is in our nation's interest. I've thought a lot about what it means to be the president. I also understand that an administration is not one person, but an administration is dedicated citizens who are called by the president to serve the country, to serve a cause greater than self, and so I've thought about an administration of people who represent all America, but people who understand my compassionate and conservative philosophy.",The president believes in having strong relations with Europe.,Entailment,comparatives|quantifier_scope
ANLI15040,"""All for Love"" is a song written by Bryan Adams, Robert John ""Mutt"" Lange and Michael Kamen for the soundtrack "" The Three Musketeers: Original Motion Picture Soundtrack"". It was performed by Bryan Adams, Rod Stewart and Sting. The song was released as a CD single in the United States on November 16, 1993. It was a worldwide hit, reaching number one across Europe and North America.",All for Love was written by less than four people,Entailment,comparatives|quantifier_scope
ANLI15517,"The three drive-ins nearest to Madison, all less than an hour's drive, are: Big Sky Twin Drive-In Theatres in Wisconsin Dells, Highway 18 Outdoor Theatre, near Jefferson, and Sky-Vu Drive-In, near Monroe.",From Madison it takes less than 6 hours to drive to.,Entailment,comparatives|quantifier_scope
ANLI15727,An island grammar is a grammar that only describes a small chunk of the underlying language. It is used in language parsing in situations where there is no requirement for checking the entire syntax of a provided text. Island grammars can be extended with the use of a bridge grammar.,Bridge grammar is not smaller than island grammar.,Entailment,comparatives|quantifier_scope
ANLI15841,"This is an episode list for the 1976 season of the astronomy TV show starring Jack Horkheimer. During this season, the show still had its original name, ""Jack Horkheimer: Star Hustler"". The show's episode numbering scheme changed several times during its run to coincide with major events in the show's history.","This show is no longer called ""Jack Horkheimer: Star Hustler""",Entailment,comparatives|quantifier_scope
ANLI16145,"How to blow a bubble with bubblegum<br>Buy some bubblegum. You can buy gum at pretty much every corner store. Chewing gums can be used to make bubbles, but they won't be as big, and they'll usually pop too easily.",Bubblegum is better for blowing bubbles.,Entailment,comparatives|quantifier_scope
ANLI16266,"More often than not, this chamber has had quite a few empty seats on the day Royal Assent is given, which leads me to conclude that it is something which is not as attractive to senators as proceedings on another day would be and which would allow them to be in attendance in larger numbers.",This speaker has attended many Royal Assents.,Neutral,comparatives|quantifier_scope
ANLI17306,"Mr. Speaker, for two years the Canadian government has been engaged in secret negotiations on the multilateral agreement on investment, an agreement which goes well beyond the provisions of NAFTA in ceding power to multinationals and threatens to diminish even further the rights of nations to direct their own economies, provide safe and decent working conditions and protect the environment for future generations.",for one years the Canadian government has been engaged in secret negotiations,Contradiction,comparatives|quantifier_scope
ANLI17428,"The only prevailing rule is that no single response can ever, ever exceed two minutes. The prevailing rule for the audience here in the hall is as always, absolute quiet, please. Good evening, Governor Bush, Vice President Gore. The end of our 90 minutes last week in Boston, the total time each of you took was virtually the same.",Gore is addressed as governor.,Contradiction,comparatives|quantifier_scope
ANLI18002,"YouTube user Streetcap1 posted a series of pictures taken from Chinese lunar rover Change’e 3. It appears to have a distinguishable face as well as a body and limbs, while lying in front of a rock. After posting the clip to YouTube, Streetcap1 said: “All body parts are in the correct place here and the head looks like it is wearing a helmet with a visor. “You can see what look like hands at the sides.",Streetcap1 was on the moon when he posted photos from the Chinese lunar rover Change'e 3.,Contradiction,comparatives|quantifier_scope
ANLI18106,"YouTube user Streetcap1 posted a series of pictures taken from Chinese lunar rover Change’e 3. It appears to have a distinguishable face as well as a body and limbs, while lying in front of a rock. After posting the clip to YouTube, Streetcap1 said: “All body parts are in the correct place here and the head looks like it is wearing a helmet with a visor. “You can see what look like hands at the sides.",Change’e 3 did not post clips to Youtube.,Entailment,comparatives|quantifier_scope
ANLI18806,"We Never Thought This Trend Would Make A Comeback, But Here We Are Refinery29 For the last 20-odd years, we've thought of this classic image as nothing more than nostalgia, a bump in fashion time to reflect back on. Well, welcome to 2017, where there are no rules, and all of the trends of our past are seemingly rising from the dead. For the last 20-odd years, we've thought of this classic image as nothing more than nostalgia, a bump intime to reflect back on. Well, welcome to 2017, where there are no rules, and all of the trends of our past are seemingly rising from the dead.",Trends are coming back.,Entailment,comparatives|quantifier_scope
ANLI19088,"Well, you know, certainly what is happening in the country today in the way of congressional -- under the Commerce Clause is totally different than what the Framers had in mind, but we've never felt that that was the criterion. What the Framers thought of, there weren't steamboats, there weren't railroads.",their were sidewalks in the framers mind.,Contradiction,comparatives|quantifier_scope
ANLI19107,"Mike Cvik (born July 6, 1962) is a Canadian former National Hockey League linesman, who wore uniform number #88. At 6 foot, 9 Inches, Cvik is as tall as the NHL's tallest player, Zdeno Chára. He has worked more than 1800 NHL games, including his highlights such as the gold medal game at the 2002 Winter Olympics, the NHL All-Star Game and the Stanley Cup Playoffs.","While Zdeno Chara is the tallest NHL player, Mike Cvik is not one of the taller players.",Contradiction,comparatives|quantifier_scope
ANLI19427,"Holding Back the River is the third studio album by Wet Wet Wet. It was released on 30 October 1989. The album is actually a follow-up to their debut, ""Popped In Souled Out"". Its offspring singles were ""Sweet Surrender"", ""Broke Away"", ""Hold Back the River"" and ""Stay With Me Heartache (Can't Stand the Night)"". The album reached #2 in the charts.",Holding Back the River reached higher in the charts than the band's debut album.,Neutral,comparatives|quantifier_scope
ANLI19738,"Gordon went 3-for-6 with a run scored and an RBI in Monday's win over the Phillies. His third hit was the most important, as he laced a bases-loaded line drive into right field in the 10th inning for a walkoff single. It's Gordon's first multi-hit performance since the All-Star break, but he still sports an impressive .340/.375/.396 slash line over his last 12 games with three steals and 13 runs.",Gordon hit more than once in another game this season,Entailment,comparatives|quantifier_scope
ANLI20096,"Beat TV (known as The Beat of London in Australia) was a daily entertainment show broadcast on ITV2. Hosted by Darren McMullen, Laura Whitmore and Dave Berry, the show broadcast for 30 minutes live each weeknight of the 2012 Summer Olympics celebrating a more social side to the games. Each night two celebrity guests appeared, with musical performances from the latest artists.",Beat TV was broadcast for more than two hours at a time.,Contradiction,comparatives|quantifier_scope
ANLI20241,"The Big 12 Conference is a ten-school collegiate athletic conference headquartered in Irving, Texas. It is a member of the NCAA's Division I for all sports; its football teams compete in the Football Bowl Subdivision (FBS; formerly Division I-A), the higher of two levels of NCAA Division I football competition. Member schools are located in Iowa, Kansas, Oklahoma, Texas, and West Virginia.",There are more than 10 schools in the Big 12 Conference.,Contradiction,comparatives|quantifier_scope
ANLI20621,The Sioux Ghost Shirt was a feature of Glasgow's Kelvingrove Museum for more than 100 years before being repatriated to its land of origin.,Glasgow's Kelvingrove Museum was in India,Contradiction,comparatives|quantifier_scope
ANLI21081,"Annet Artani (""Αννέτ Αρτάνη"" in Greek), born 6 September 1976, is a Greek American singer and songwriter. She is best known for representing Cyprus in the Eurovision Song Contest 2006 with the song ""Why Angels Cry"", as well as co-writing the worldwide hit ""Everytime"" with Britney Spears.",Annet Artani didn't write all of her songs,Entailment,comparatives|quantifier_scope
ANLI21635,"Reunion<br>Amy and Anna had been best friends since childhood. They grew apart when each attended a different college. Then, years later, they met by chance at a cafe. They chatted for hours, catching up. When they parted, they both agreed to see each other more often!",Amy and Anna met up again after they met by chance at the cafe,Entailment,comparatives|quantifier_scope
ANLI21903,"Yampa Valley Regional Airport (IATA: KHDN, ICAO: HDN) is in Routt County, Colorado, two miles southeast of Hayden and about 25 mi west of Steamboat Springs. Also known as Yampa Valley Regional Airport, it has the only scheduled passenger flights to northwest Colorado. It is also used by larger business jets that cannot use the smaller Steamboat Springs Airport (Bob Adams Field).",Bob Adams Field is twenty five miles east of Yampa Valley Regional Airport.,Entailment,comparatives|quantifier_scope
ANLI21952,"Let us reform the budget so that some day the working poor will pay no income tax, so that some day seniors on fixed incomes will no longer fear the taxman coming, so that some day all taxpayers will pay the same percentage rate of taxation, so that some day the federal government will live within modest means and help rather than hurt, and so that some day we will have viable universal medicare for everyone.",Everyone does not deserve medicare,Contradiction,comparatives|quantifier_scope
ANLI22002,"Thomas Gordon was there , sitting alone in his long , empty pew near the top of the building ; and Neil Gordon sang in the choir which occupied the front pew of the gallery .<br>He had a powerful and melodious , though untrained voice , which dominated the singing and took the colour out of the weaker , more commonplace tones of the other singers .<br>He was well-dressed in a suit of dark blue serge , with a white collar and tie .<br>But Eric idly thought it did not become him so well as the working clothes in which he had first seen him .",Neil Gordon is not a snappy dresser.,Contradiction,comparatives|quantifier_scope
ANLI22101,"Banning ivory is the surest road to extinction for the African elephant, argue leaders in those countries.",Statement contains less than about 28 words,Entailment,comparatives|quantifier_scope
ANLI22465,"The only prevailing rule is that no single response can ever, ever exceed two minutes. The prevailing rule for the audience here in the hall is as always, absolute quiet, please. Good evening, Governor Bush, Vice President Gore. The end of our 90 minutes last week in Boston, the total time each of you took was virtually the same.",Everyone talked for durations of time within 5 minutes of the next person.,Entailment,comparatives|quantifier_scope
ANLI23634,"Nancy Hart Douglas (1846–19??) was a scout, guide, and spy for the Confederacy during the American Civil War. Serving first with the Moccasin Rangers, a pro-Confederate guerrilla group in present-day West Virginia, she later joined the Confederate Army and continued to serve as a guide and spy under General Stonewall Jackson.",Nancy Hart Douglas was not a scout under General Stonewall Jackson.,Entailment,comparatives|quantifier_scope
ANLI24247,"Thai soldiers have been accused of crossing into Cambodia near a disputed temple where the two sides briefly exchanged fire last year. A spokesman for Cambodia's government said that about 100 troops crossed the border before retreating hours later. A Thai border commander denied there had been any troop movements and said there had been no increase in tension. Thailand and Cambodia both lay claim to the temple area. Despite several rounds of talks, a settlement remains elusive. Soldiers from the two countries have been stationed in the area since the clashes in July last year.",Thailand and Cambodia can't reach an agreement on the ownership of a temple.,Entailment,comparatives|quantifier_scope
ANLI24357,"More than two weeks after Pamela Hutchinson's murder in Fort Myers Beach, Lois Riess, known as the ""Fugitive Grandma,"" was in police custody Saturday in Florida. Riess is accused of befriending Hutchinson at a beach restaurant, then murdering her to steal the victim's identity, cash, and car.","More than three weeks after Pamela's murder, Lois Riess was in police custody.",Contradiction,comparatives|quantifier_scope
ANLI24543,"Sodium Saccharin (benzoic sulfimide) is an artificial sweetener with effectively no food energy that is about 300–400 times as sweet as sucrose but has a bitter or metallic aftertaste, especially at high concentrations. It is used to sweeten products such as drinks, candies, cookies, and medicines.",Sodium Saccharin has an o,Neutral,comparatives|quantifier_scope
Fever382,"Jensen Ackles . He is known for his roles in television as Eric Brady in Days of Our Lives , which earned him several Daytime Emmy Award nominations , as well as Alec/X5 -494 in Dark Angel and Jason Teague in Smallville .",Jensen Ackles is not known for his roles in television as Jason Teague in Smallville.,Entailment,comparatives|quantifier_scope
Fever424,"Cheaper by the Dozen (2003 film) . The film was directed by Shawn Levy , narrated by Bonnie Hunt , and starring Steve Martin . Shawn Adam Levy ( born July 23 , 1968 ) is a Canadian film director , producer , and actor . He directed the films Big Fat Liar ( 2002 ) , Just Married ( 2003 ) , Cheaper by the Dozen ( 2003 ) , The Pink Panther ( 2006 ) , Night at the Museum ( 2006 ) , Night at the Museum : Battle of the Smithsonian ( 2009 ) , Date Night ( 2010 ) , Real Steel ( 2011 ) , The Internship ( 2013 ) , This Is Where I Leave You ( 2014 ) and Night at the Museum : Secret of the Tomb ( 2014 ) . Since 2016 , he has been an executive producer on the Netflix original series Stranger Things and directed two episodes of the first season , as well as being slated to direct two episodes of the upcoming second season .",Cheaper by the dozen was directed by a cat.,Contradiction,comparatives|quantifier_scope
Fever971,"Coen brothers . Their best-reviewed works include Fargo ( 1996 ) , The Big Lebowski ( 1998 ) , No Country for Old Men ( 2007 ) , A Serious Man ( 2009 ) , True Grit ( 2010 ) , and Inside Llewyn Davis ( 2013 ) . The Coen brothers have written a number of films they did not direct , including the biographical war drama Unbroken ( 2014 ) , the historical legal thriller Bridge of Spies ( 2015 ) , and lesser-known , commercially unsuccessful comedies such as Crimewave ( 1985 ) , The Naked Man ( 1998 ) and Gambit ( 2012 ) . Fargo is a 1996 American black comedy crime thriller film written , produced , edited , and directed by Joel and Ethan Coen . No Country for Old Men is a 2007 American neo-western neo-noir thriller film written and directed by Joel and Ethan Coen , based on Cormac McCarthy 's novel of the same name .",The Coen brothers directed a thriller film.,Entailment,comparatives|quantifier_scope
Fever1038,"Muḥammad ibn ʿAbd AllāhFull name : Abū al-Qāsim Muḥammad ibn ʿAbd Allāh ibn ʿAbd al-Muṭṭalib ibn Hāshim ( ابو القاسم محمد ابن عبد الله ابن عبد المطلب ابن هاشم , lit : Father of Qasim Muhammad son of Abd Allah son of Abdul-Muttalib son of Hashim ) ( محمد [ muħammad ] ; Classical Arabic pronunciation c. 570 CE -- 8 June 632 CE ) is the prophet of Islam and widely identified as its founder by non-Muslims . According to Islamic doctrine , he was God 's Messenger ( rasūl Allāh ) sent to confirm the essential teachings of monotheism preached previously by Adam , Abraham , Moses , Jesus , and other prophets . He is viewed as the final prophet of God in primary branches of Islam , though some modern denominations diverge from this belief.The Ahmadiyya Muslim Community considers Muhammad to be the `` Seal of the Prophets '' ( Khātam an-Nabiyyīn ) and the last law-bearing Prophet but not the last Prophet . There are also smaller sects which believe Muhammad to be not the last Prophet : islām ) to him is the right course of action ( dīn ) , and that he was a prophet and messenger of God , similar to the other prophets in Islam .",Muhammad was a prophet.,Entailment,comparatives|quantifier_scope
Fever1661,"Venus Williams . Her seven Grand Slam singles titles ties her twelfth on the all-time list , more than any other active female player except sister Serena . Her five Wimbledon singles titles ties her with two other women for eighth place on the all-time list . Williams has won four Olympic gold medals , one in singles and three in women 's doubles , along with a silver medal in mixed doubles . They have played against each other in nine Grand Slam singles finals , with Venus holding a 2-7 record . Venus has 8 runner-up finishes in grand slam singles events with Martina Hingis being the only player other than Serena to beat Venus in a major final at the 1997 US Open .",Venus Williams plays singles in tennis.,Entailment,comparatives|quantifier_scope
Fever2921,"Brittany Murphy . She made her stage debut in a Broadway production of Arthur Miller 's A View from the Bridge in 1997 , before appearing as Daisy Randone in Girl , Interrupted ( 1999 ) and as Lisa Swenson in Drop Dead Gorgeous ( 1999 ) . The 2000s saw Murphy with roles in Do n't Say a Word ( 2001 ) alongside Michael Douglas , and alongside Eminem in 8 Mile ( 2002 ) , for which she gained critical recognition . Her later roles included Riding in Cars with Boys ( 2001 ) , Spun ( 2002 ) , Uptown Girls ( 2003 ) , Sin City ( 2005 ) , and Happy Feet ( 2006 ) .",Brittany Murphy starred in a movie.,Entailment,comparatives|quantifier_scope
Fever4617,"Bermuda . In 1609 , the English Virginia Company , which had established Jamestown in Virginia two years earlier , permanently settled Bermuda in the aftermath of a hurricane , when the crew and passengers of the Sea Venture steered the ship onto the surrounding reef to prevent its sinking , then landed ashore . Its first capital , St. George 's , was established in 1612 .",Bermuda was colonized in 1609.,Neutral,comparatives|quantifier_scope
Fever5113,"Harry Styles . Styles and his bandmates have released the albums Up All Night ( 2011 ) , Take Me Home ( 2012 ) , Midnight Memories ( 2013 ) , Four ( 2014 ) , and Made in the A.M. ( 2015 ) . Midnight Memories . The album was described as having a `` slightly rockier tone '' than their previous efforts .",Harry Styles and his bandmates released the folk album Midnight Memories.,Contradiction,comparatives|quantifier_scope
Fever5200,"Fantastic Beasts and Where to Find Them (film) . The film was nominated for five BAFTAs , winning for Best Production Design , as well as two Academy Awards , winning Best Costume Design , becoming the first film in J.K. Rowling 's Wizarding World to win an Academy Award .",Fantastic Beasts and Where to Find Them is a nature book.,Contradiction,comparatives|quantifier_scope
Fever5404,"Miroslava `` Mirka '' Federer ( born Miroslava Vavrincová on 1 April 1978 , later Miroslava Vavrinec ) is a Slovak-born Swiss former professional tennis player . She reached her career-high WTA singles ranking of World No. 76 on 10 September 2001 and a doubles ranking of World No. 215 on 24 August 1998 .",Mirka Federer is a tennis player who played professionally and plays no longer.,Neutral,comparatives|quantifier_scope
Fever5889,"Paul Donald Wight II ( born February 8 , 1972 ) , better known by the ring name Big Show , is an American professional wrestler and actor currently signed to WWE on the Raw brand . A ring name is a stage name used by a professional wrestler , martial artist , or a boxer .","Big Show's birth name is Paul Donald Wight II, although he uses Big Show for professional wrestling.",Entailment,comparatives|quantifier_scope
Fever6190,"Deadpool is a 2016 American superhero film directed by Tim Miller and written by Rhett Reese and Paul Wernick , based on the Marvel Comics character of the same name . It is the eighth installment and a spin-off in the X-Men film series , and stars Ryan Reynolds as the titular character , as well as Morena Baccarin , Ed Skrein , T. J. Miller , Gina Carano , Leslie Uggams , Brianna Hildebrand , and Stefan Kapičić . Leslie Uggams . Later in her career , Uggams received renewed notice with appearances alongside Ryan Reynolds in Deadpool ( 2016 ) and in a recurring role on Empire .",Leslie Uggams appeared in a film directed by Tim Miller.,Entailment,comparatives|quantifier_scope
Fever7059,"Venus Williams . By virtue of that doubles ascension , Venus became one of seven women to reach No. 1 in singles and No. 1 in doubles . Her seven Grand Slam singles titles ties her twelfth on the all-time list , more than any other active female player except sister Serena . From the 2000 Wimbledon Championships to the 2001 US Open , Williams won four of the six Grand Slam singles tournaments held . They have played against each other in nine Grand Slam singles finals , with Venus holding a 2-7 record . Venus has 8 runner-up finishes in grand slam singles events with Martina Hingis being the only player other than Serena to beat Venus in a major final at the 1997 US Open .",Venus Williams plays singles in tennis.,Entailment,comparatives|quantifier_scope
Fever7127,"50 First Dates . The film stars Adam Sandler as a lothario veterinarian and Drew Barrymore as an amnesiac , along with Rob Schneider , Sean Astin , Lusia Strus , Blake Clark , and Dan Aykroyd . Blended is a 2014 American romantic comedy film directed by Frank Coraci , and written by Ivan Menchell and Clare Sera . It stars Adam Sandler and Drew Barrymore , with an ensemble cast featuring Bella Thorne , Emma Fuhrmann , Terry Crews , Joel McHale , Wendi McLendon-Covey , Kevin Nealon and Shaquille O'Neal . The film marked the third time Sandler and Barrymore co-starred in a film together , after The Wedding Singer and 50 First Dates . It also marked Sandler 's first role in a Warner Bros. film . Drew Barrymore . She has also co-starred with Adam Sandler in The Wedding Singer ( 1998 ) , 50 First Dates ( 2004 ) and Blended ( 2014 ) . The Wedding Singer is a 1998 American romantic comedy film written by Tim Herlihy and directed by Frank Coraci . It stars Adam Sandler as a wedding singer in the 1980s and Drew Barrymore as a waitress with whom he falls in love . It was a box office hit and critically acclaimed with many calling it Sandler 's best movie . The film was later adapted into a stage musical of the same name , debuting on Broadway in April 2006 and closing on New Year 's Eve of that same year .",Drew Barrymore starred in a film.,Entailment,comparatives|quantifier_scope
Fever7133,"Toy Story . The film received three Academy Award nominations , including Best Original Screenplay , Best Original Score , and Best Original Song for `` You 've Got a Friend in Me '' , as well as winning a Special Achievement Academy Award .",Toy Story was not based upon previously published material allowing it to be nominated for Best Original Screenplay.,Entailment,comparatives|quantifier_scope
Fever7367,"Malala Yousafzai . Since recovering , Yousafzai became a prominent education activist . The right to education has been recognized as a human right in a number of international conventions , including the International Covenant on Economic , Social and Cultural Rights which recognises a right to free , compulsory primary education for all , an obligation to develop secondary education accessible to all , in particular by the progressive introduction of free secondary education , as well as an obligation to develop equitable access to higher education , ideally by the progressive introduction of free higher education .",Malala Yousafzai is an advocate for women's right to education.,Entailment,comparatives|quantifier_scope
Fever7552,"Decimal representation . A decimal representation of a non-negative real number r is an expression in the form of a series , traditionally written as a sum A mathematical constant is a special number , usually a real number , that is `` significantly interesting in some way '' . Number theory or , in older usage , arithmetic is a branch of pure mathematics devoted primarily to the study of the integers . The number is a mathematical constant , the ratio of a circle 's circumference to its diameter , commonly approximated as 3.14159 .",Pi is a number.,Entailment,comparatives|quantifier_scope
Fever7967,"Azerbaijan . Most Azerbaijanis however , do not actively practice any religion , and the country has been seen to be one of the most irreligious countries in the Muslim world , with 53 % stating religion has little to no importance in their lives , according to Pew Research Center and Gallup polls . It has a high rate of economic development and literacy , as well as a low rate of unemployment .",A high percentage of people in Azerbaijan are literate.,Entailment,comparatives|quantifier_scope
Fever8819,"Italy ( Italia [ iˈtaːlja ] ) , officially the Italian Republic ( [ Repubblica italiana , links = no ] ) , is a unitary parliamentary republic in Europe.The Italian peninsula is geographically located in Southern Europe , while North Italy can be placed partly or totally in Central Europe .",Italy is has a longer official title.,Entailment,comparatives|quantifier_scope
Fever10026,"Matt Groening . Groening has won 12 Primetime Emmy Awards , ten for The Simpsons and two for Futurama as well as a British Comedy Award for `` outstanding contribution to comedy '' in 2004 .",Matt Groening won Primetime Emmys for The Simpsons.,Entailment,comparatives|quantifier_scope
Fever11042,"The Constitution of Medina ( دستور المدينة , Dastūr al-Madīnah ) , also known as the Charter of Medina ( صحيفة المدينة , Ṣaḥīfat al-Madīnah ; or : ميثاق المدينة , Mīthāq al-Madīnah ) , was drafted by the Islamic prophet Muhammad shortly after his arrival at Medina ( then known as Yathrib ) in 622 CE ( or 1 AH ) , following the Hijra from Mecca . The Hegira or Hijrah ( [ ) is the migration or journey of the Islamic prophet Muhammad and his followers from Mecca to Yathrib , later renamed by him to Medina , in the year 622 . Muḥammad ibn ʿAbd AllāhFull name : Abū al-Qāsim Muḥammad ibn ʿAbd Allāh ibn ʿAbd al-Muṭṭalib ibn Hāshim ( ابو القاسم محمد ابن عبد الله ابن عبد المطلب ابن هاشم , lit : Father of Qasim Muhammad son of Abd Allah son of Abdul-Muttalib son of Hashim ) ( محمد [ muħammad ] ; Classical Arabic pronunciation c. 570 CE -- 8 June 632 CE ) is the prophet of Islam and widely identified as its founder by non-Muslims . There are also smaller sects which believe Muhammad to be not the last Prophet : The revelations ( each known as Ayah , lit .",Muhammad is significant to religion.,Entailment,comparatives|quantifier_scope
Fever11110,"The Association of Tennis Professionals ( ATP ) was formed in September 1972 by Donald Dell , Bob Briner , Jack Kramer , and Cliff Drysdale to protect the interests of male professional tennis players . The International Tennis Federation ( ITF ) is the governing body of world tennis , wheelchair tennis , and beach tennis . It was founded in 1913 as the International Lawn Tennis Federation by twelve national associations , and as of 2016 , is affiliated with 211 national tennis associations and six regional associations . The ITF 's governance responsibilities include maintaining and enforcing the rules of tennis , regulating international team competitions , promoting the game , and preserving the sport 's integrity via anti-doping and anti-corruption programs . The ITF partners with the Women 's Tennis Association ( WTA ) and the Association of Tennis Professionals ( ATP ) to govern professional tennis . The ITF organizes annual team competitions for men ( Davis Cup ) , women ( Fed Cup ) , and mixed teams ( Hopman Cup ) , as well as tennis and wheelchair tennis events at the Summer Olympic and Paralympic Games on behalf of the International Olympic Committee . The ITF sanctions the Grand Slam tennis tournaments as well as circuits which span age ranges ( junior , professional men and women , and seniors ) as well as disciplines ( wheelchair tennis ; beach tennis ) . In addition to these circuits , the ITF also maintains rankings for juniors , seniors , wheelchair and beach tennis . John McEnroe . In 1981 , 1983 and 1984 he was both the ATP player of the year and the ITF World Champion for Men 's singles .",John McEnroe was a tennis player.,Entailment,comparatives|quantifier_scope
Fever11178,"Black Mirror . The show was first broadcast on the British Channel 4 , in 2011 . In September 2015 , Netflix commissioned a third season of 12 episodes . The commissioned episodes were later divided into two seasons of six episodes ; the third season was released on Netflix worldwide on 21 October 2016 . The series has received critical acclaim and has seen an increase in interest internationally ( particularly in the US ) after being added to Netflix .",Black Mirror is a racehorse.,Contradiction,comparatives|quantifier_scope
Fever11940,"Catching Fire is a 2009 science fiction young adult novel by the American novelist Suzanne Collins , the second book in The Hunger Games trilogy . The book was first published on September 1 , 2009 , by Scholastic , in hardcover , and was later released in ebook and audiobook format .",Catching Fire is a genre.,Contradiction,comparatives|quantifier_scope
Fever12400,"John McCain . After being investigated and largely exonerated in a political influence scandal of the 1980s as a member of the Keating Five , he made campaign finance reform one of his signature concerns , eventually gaining passage of the McCain -- Feingold Act in 2002 . The Keating Five were five United States Senators accused of corruption in 1989 , igniting a major political scandal as part of the larger Savings and Loan crisis of the late 1980s and early 1990s .",John McCain was accused of corruption in 1989 as part of the Keating Five.,Neutral,comparatives|quantifier_scope
Fever12937,"Clive Owen ( born 3 October 1964 ) is an English actor who first gained recognition in the United Kingdom for playing the lead role in the ITV series Chancer from 1990 to 1991 . He then received critical acclaim for his work in the film Close My Eyes ( 1991 ) before earning international attention for his performance as a struggling writer in Croupier ( 1998 ) . In 2005 , he won a Golden Globe and a BAFTA Award and was nominated for an Academy Award for Best Supporting Actor for his performance in the drama Closer ( 2004 ) . Owen has since played leading roles in films such as Sin City ( 2005 ) , Derailed ( 2005 ) , Inside Man ( 2006 ) , Children of Men ( 2006 ) , and The International ( 2009 ) . In 2012 , he earned his first Primetime Emmy Award nomination for Outstanding Lead Actor in a Miniseries or a Movie for his role in Hemingway & Gellhorn . Dane William DeHaan ( [ dəˈhɑːn ] ; born February 6 , 1986 ) is an American actor . He is known for playing Jesse on the HBO series In Treatment , and for his roles in the films Chronicle ( 2012 ) , The Place Beyond the Pines ( 2013 ) , Kill Your Darlings ( 2013 ) , The Amazing Spider-Man 2 ( 2014 ) , Life ( 2015 ) and A Cure for Wellness ( 2016 ) . Ethan Green Hawke ( born November 6 , 1970 ) is an American actor , writer , and director . He has been nominated for four Academy Awards and a Tony Award . He made his film debut in 1985 with the science fiction feature Explorers , before making a breakthrough appearance in the 1989 drama Dead Poets Society . He then appeared in numerous films before taking a role in the 1994 Generation X drama Reality Bites , for which he received critical praise . In 1995 , Hawke first appeared in Richard Linklater 's romance trilogy , co-starring opposite Julie Delpy in Before Sunrise , and later in its sequels Before Sunset ( 2004 ) and Before Midnight ( 2013 ) , all of which met with critical acclaim . Hawke has been twice nominated for both the Academy Award for Best Adapted Screenplay and the Academy Award for Best Supporting Actor ; his writing contributions to Before Sunset and Before Midnight were recognized , as were his performances in Training Day ( 2001 ) and Boyhood ( 2014 ) . Hawke was further honored with SAG Award nominations for both films , along with BAFTA Award and Golden Globe Award nominations for the latter . His other films include the science fiction drama Gattaca ( 1997 ) , the contemporary adaptation of Hamlet ( 2000 ) , the action thriller Assault on Precinct 13 ( 2005 ) , the crime drama Before the Devil Knows You 're Dead ( 2007 ) , and the horror film Sinister ( 2012 ) . Herbert Jeffrey Hancock ( born April 12 , 1940 ) is an American pianist , keyboardist , bandleader , composer and actor . Wu Yifan ( , pronounced [ - cmnu2-i4fan4 ] , ; born November 6 , 1990 ) , professionally known as Kris Wu or Kris , is a Chinese-born Canadian actor , singer , and model . He is active as a solo artist and actor in China and has starred in several # 1 box office hits including Mr. Six and Journey to the West : The Demons Strike Back , which are among the highest-grossing Chinese films of all time in China . Rutger Oelsen Hauer ( [ ˈrɵtxər ˈulsə ( n ) ˈɦʌuər ] ; born 23 January 1944 ) is a Dutch actor , writer , and environmentalist . He has acted in both Dutch and English-language TV series and films . His career began in 1969 with the title role in the Dutch television series Floris . His film credits include Flesh + Blood , Blind Fury , Blade Runner , The Hitcher , Escape from Sobibor ( for which he won a Golden Globe Award for Best Supporting Actor ) , Nighthawks , Wedlock , Sin City , Confessions of a Dangerous Mind , Ladyhawke , Buffy the Vampire Slayer , The Osterman Weekend , The Blood of Heroes , Batman Begins , Hobo with a Shotgun , and The Rite . Valerian and the City of a Thousand Planets . It stars Dane DeHaan as Valerian and Cara Delevingne as Laureline , with Clive Owen , Rihanna , Ethan Hawke , Herbie Hancock , Kris Wu , and Rutger Hauer in supporting roles .",Valerian and the City of a Thousand Planets features an actor.,Entailment,comparatives|quantifier_scope
Fever13117,"Venus Williams . Her seven Grand Slam singles titles ties her twelfth on the all-time list , more than any other active female player except sister Serena . Williams is one of four women to have won five or more Wimbledon singles titles in the Open Era . They have played against each other in nine Grand Slam singles finals , with Venus holding a 2-7 record .",Venus Williams plays singles in tennis.,Entailment,comparatives|quantifier_scope
Fever13376,"Margaret of Valois . A daughter of King Henry II of France and Catherine de ' Medici , Margaret was the sister of kings Francis II , Charles IX and Henry III , and of Elisabeth of Valois Queen of Spain , as well as Claude of Valois . In 1589 , after all her brothers had died leaving no sons , Margaret 's husband , the senior-most agnatic heir to France ( the `` Prince du sang '' ) , succeeded to the French throne as Henry IV , the first Bourbon King of France . A queen of two kingdoms , Margaret was subjected to many political manipulations , including being held prisoner ( albeit at a comfortable castle ) by her own brother , Henry III of France , for many years . While imprisoned , she took advantage of the time to write her memoirs , which included a succession of stories relating to the disputes of her brothers Charles IX and Henry III with her husband .",Margaret of Valois had sisters.,Neutral,comparatives|quantifier_scope
Fever13445,"Matt Groening . Groening has won 12 Primetime Emmy Awards , ten for The Simpsons and two for Futurama as well as a British Comedy Award for `` outstanding contribution to comedy '' in 2004 .",Matt Groening won ten Italian beef sandwiches for The Simpsons.,Neutral,comparatives|quantifier_scope
Fever13735,"The Nashville Songwriters Association International is a 501 ( c ) not-for-profit trade organization that works to help songwriters in three ways : through legislative advocacy , through education and advice about the actual craft of songwriting , and through teaching about the music industry , and how to best position a song for success within it . Within a year , the Nashville Songwriters Association was chartered by the state of Tennessee as a not-for-profit trade association , and from that moment , NSAI would go on to make a difference for all songwriters by helping to revise antiquated copyright laws and to establish new intellectual property protection in the digital age , by establishing a network of over 90 songwriter workshops to provide local instruction at home and abroad , and by conducting more than a half dozen educational conferences and awards shows each year . The Nashville Songwriters Association International ( NSAI ) consists of a body of creative minds , including songwriters from all genres of music , professional and amateur , who are committed to protecting the rights and future of the profession of songwriting , and to educate , elevate , and celebrate the songwriter and to act as a unifying force within the music community and the community at large .",The Nashville Songwriters Association International provides music industry education.,Entailment,comparatives|quantifier_scope
Fever14079,"Batman Begins . The film reboots the Batman film series , telling the origin story of the title character ( Bale ) , from his alter ego Bruce Wayne 's initial fear of bats , the death of his parents , his journey to become Batman , and his fight to stop Ra 's al Ghul ( Neeson ) and the Scarecrow ( Murphy ) from plunging Gotham City into chaos . Batman Begins opened on June 15 , 2005 , in the United States and Canada in 3,858 theaters . The Declaration of Independence is the statement adopted by the Second Continental Congress meeting at the Pennsylvania State House ( Independence Hall ) in Philadelphia on July 4 , 1776 , which announced that the thirteen American colonies , then at war with the Kingdom of Great Britain , regarded themselves as thirteen newly independent sovereign states , and no longer under British rule .",Batman Begins predated North American independence.,Contradiction,comparatives|quantifier_scope
Fever15036,"The Academy Award for Best Original Screenplay is the Academy Award for the best script not based upon previously published material . Toy Story . The film received three Academy Award nominations , including Best Original Screenplay , Best Original Score , and Best Original Song for `` You 've Got a Friend in Me '' , as well as winning a Special Achievement Academy Award .",Toy Story was not based upon previously published material allowing it to be nominated for Best Original Screenplay.,Entailment,comparatives|quantifier_scope
Fever15249,"Billy Joel . Since releasing his first hit song , `` Piano Man '' , in 1973 , Joel has become the sixth best-selling recording artist and the third best-selling solo artist in the United States . He has sold more than 150 million records worldwide , making him one of the best-selling artists of all time . With the exception of the 2007 songs `` All My Life '' and `` Christmas in Fallujah '' , Joel stopped writing and releasing pop/rock material after 1993 's River of Dreams . A Grammy Award ( originally called Gramophone Award ) , or Grammy , is an honor awarded by The Recording Academy to recognize outstanding achievement in the mainly English-language music industry .",Billy Joel is in the performing arts industry.,Entailment,comparatives|quantifier_scope
Fever15908,"Catching Fire . The book was first published on September 1 , 2009 , by Scholastic , in hardcover , and was later released in ebook and audiobook format .",Catching Fire was released in paperback.,Neutral,comparatives|quantifier_scope
Fever16754,"Brittany Murphy-Monjack ( born Brittany Anne Bertolotti ; November 10 , 1977 -- December 20 , 2009 ) , known professionally as Brittany Murphy , was an American film and stage actress , singer , and voice artist . A native of Atlanta , Murphy moved to Los Angeles as a teenager and pursued a career in acting . Her breakthrough role was as Tai Frasier in Clueless ( 1995 ) , followed by supporting roles in independent films such as Freeway ( 1996 ) and Bongwater ( 1998 ) . The 2000s saw Murphy with roles in Do n't Say a Word ( 2001 ) alongside Michael Douglas , and alongside Eminem in 8 Mile ( 2002 ) , for which she gained critical recognition . Her later roles included Riding in Cars with Boys ( 2001 ) , Spun ( 2002 ) , Uptown Girls ( 2003 ) , Sin City ( 2005 ) , and Happy Feet ( 2006 ) .",Brittany Murphy acted.,Entailment,comparatives|quantifier_scope
Fever17371,"Foo Fighters . Prior to the release of Foo Fighters ' 1995 debut album Foo Fighters , which featured Grohl as the only official member , Grohl recruited bassist Nate Mendel and drummer William Goldsmith , both formerly of Sunny Day Real Estate , as well as Nirvana touring guitarist Pat Smear to complete the lineup . They were replaced by Taylor Hawkins and Franz Stahl , respectively , although Stahl was fired before the recording of the group 's third album , There Is Nothing Left to Lose ( 1999 ) . Rock music is a genre of popular music that originated as `` rock and roll '' in the United States in the early 1950s , and developed into a range of different styles in the 1960s and later , particularly in the United Kingdom and the United States . There Is Nothing Left to Lose is the third studio album by American rock band Foo Fighters , released November 2 , 1999 .",Foo Fighters make music.,Entailment,comparatives|quantifier_scope
Fever17976,"Boeing 777 . The 777-200LR is the world 's longest-range airliner , able to fly more than halfway around the globe , and holds the record for the longest distance flown non-stop by a commercial aircraft .",The Boeing 777 is the world's farthest-range airliner.,Entailment,comparatives|quantifier_scope
Fever19912,"The Constitution of Medina ( دستور المدينة , Dastūr al-Madīnah ) , also known as the Charter of Medina ( صحيفة المدينة , Ṣaḥīfat al-Madīnah ; or : ميثاق المدينة , Mīthāq al-Madīnah ) , was drafted by the Islamic prophet Muhammad shortly after his arrival at Medina ( then known as Yathrib ) in 622 CE ( or 1 AH ) , following the Hijra from Mecca . The Farewell Pilgrimage ( Arabic : حجة الوداع ) was the last and only Hajj pilgrimage Muhammad , prophet of Islam , participated in 632 CE ( 10 AH ) . The Hegira or Hijrah ( [ ) is the migration or journey of the Islamic prophet Muhammad and his followers from Mecca to Yathrib , later renamed by him to Medina , in the year 622 . Muḥammad ibn ʿAbd AllāhFull name : Abū al-Qāsim Muḥammad ibn ʿAbd Allāh ibn ʿAbd al-Muṭṭalib ibn Hāshim ( ابو القاسم محمد ابن عبد الله ابن عبد المطلب ابن هاشم , lit : Father of Qasim Muhammad son of Abd Allah son of Abdul-Muttalib son of Hashim ) ( محمد [ muħammad ] ; Classical Arabic pronunciation c. 570 CE -- 8 June 632 CE ) is the prophet of Islam and widely identified as its founder by non-Muslims . There are also smaller sects which believe Muhammad to be not the last Prophet :",Muhammad is significant to religion.,Entailment,comparatives|quantifier_scope
Fever21257,"Transformers : Revenge of the Fallen is a 2009 American science fiction action film directed by Michael Bay and executive produced by Steven Spielberg , based on the toy line of the same name created by Hasbro . It is the sequel to 2007 's Transformers , as well as the second installment in the live-action Transformers film series . The film won three Golden Raspberry Awards at the 30th Golden Raspberry Awards ceremony , and became the highest-grossing film to win the Worst Picture award . With over 11 million home media sales in 2009 , it was also the top-selling film of the year in the United States .",Transformers: Revenge of the Fallen is a film.,Entailment,comparatives|quantifier_scope
Fever21405,"Paul Donald Wight II ( born February 8 , 1972 ) , better known by the ring name Big Show , is an American professional wrestler and actor currently signed to WWE on the Raw brand . A ring name is a stage name used by a professional wrestler , martial artist , or a boxer .",Big Show's stage name is Paul Donald Wight II.,Contradiction,comparatives|quantifier_scope
Fever21652,"The Hegira or Hijrah ( [ ) is the migration or journey of the Islamic prophet Muhammad and his followers from Mecca to Yathrib , later renamed by him to Medina , in the year 622 . Muhammad . There are also smaller sects which believe Muhammad to be not the last Prophet : Besides the Quran , Muhammad 's teachings and practices ( sunnah ) , found in the Hadith and sira literature , are also upheld by Muslims and used as sources of Islamic law ( see Sharia ) .",Muhammad is significant to religion.,Entailment,comparatives|quantifier_scope
Fever21943,"Joaquín Rafael Phoenix ( [ ˌhwɑːˈkiːn ] born Joaquín Rafael Bottom ; October 28 , 1974 ) , known formerly as Leaf Phoenix , is a Puerto Rican -- born American actor , producer , music video director , musician and activist . Some of his other notable films include the satire film Buffalo Soldiers ( 2001 ) , the science fiction thriller Signs ( 2002 ) , the animated film Brother Bear ( 2003 ) , the historical drama film Hotel Rwanda ( 2004 ) , the psychological thriller The Village ( 2004 ) , the documentary Earthlings ( 2005 ) , the romantic drama Two Lovers ( 2008 ) , the drama The Immigrant ( 2013 ) , the romantic science fiction drama Her ( 2013 ) , the crime comedy-drama film Inherent Vice ( 2014 ) , and the thriller You Were Never Really Here ( 2017 ) , for which he won the Cannes Film Festival Award for Best Actor . Aside from his acting career , he has also ventured into directing music videos , as well as producing films and television shows .",Joaquin Phoenix has directed films.,Neutral,comparatives|quantifier_scope